Sample,PALWell,PALTray,Volume,Method,ID,RequestID
0001_Blank100x-1_12Mar16_Beech_Infuse,1,53,11,1-Dual,1,483645
0002_Blank_100x-2_12Mar16_Beech_Infuse,1,53,11,2-Dual,2,483654
0003_200pep_100x_17500res_25NCE_12Mar16_Beech_Infuse,1,1,11,1-Dual,3,483655
0004_200pep_100x_17500res_30NCE_12Mar16_Beech_Infuse,1,1,11,2-Dual,4,483656
0005_200pep_100x_17500res_35NCE_12Mar16_Beech_Infuse,1,1,11,1-Dual,5,483657
0006_200pep_100x_17500res_40NCE_12Mar16_Beech_Infuse,1,1,11,2-Dual,6,483658
0007_200pep_100x_17500res_45NCE_12Mar16_Beech_Infuse,1,1,11,1-Dual,7,483659
0008_200pep_100x_17500res_25-35-45NCE_12Mar16_Beech_Infuse,1,1,11,2-Dual,8,483660
0009_Blank_100x-3_12Mar16_Beech_Infuse,1,53,11,1-Dual,9,483661
0010_Blank_100x-4_12Mar16_Beech_Infuse,1,53,11,2-Dual,10,483662
0011_200pep_100x_35000res_25NCE_12Mar16_Beech_Infuse,1,1,11,1-Dual,11,483663
0012_200pep_100x_35000res_30NCE_12Mar16_Beech_Infuse,1,1,11,2-Dual,12,483664
0013_200pep_100x_35000res_35NCE_12Mar16_Beech_Infuse,1,1,11,1-Dual,13,483665
0014_200pep_100x_35000res_40NCE_12Mar16_Beech_Infuse,1,1,11,2-Dual,14,483666
0015_200pep_100x_35000res_45NCE_12Mar16_Beech_Infuse,1,1,11,1-Dual,15,483667
0016_200pep_100x_35000res_25-35-45NCE_12Mar16_Beech_Infuse,1,1,11,2-Dual,16,483668
0017_Blank_100x-5_12Mar16_Beech_Infuse,1,53,11,1-Dual,17,483669
0018_Blank_100x-6_12Mar16_Beech_Infuse,1,53,11,2-Dual,18,483670
0019_200pep_100x_70000res_25NCE_12Mar16_Beech_Infuse,1,1,11,1-Dual,19,483671
0020_200pep_100x_70000res_30NCE_12Mar16_Beech_Infuse,1,1,11,2-Dual,20,483672
0021_200pep_100x_70000res_35NCE_12Mar16_Beech_Infuse,1,1,11,1-Dual,21,483673
0022_200pep_100x_70000res_40NCE_12Mar16_Beech_Infuse,1,1,11,2-Dual,22,483674
0023_200pep_100x_70000res_45NCE_12Mar16_Beech_Infuse,1,1,11,1-Dual,23,483675
0024_200pep_100x_70000res_25-35-45NCE_12Mar16_Beech_Infuse,1,1,11,2-Dual,24,483676
0025_Blank_100x-7_12Mar16_Beech_Infuse,1,53,11,1-Dual,25,483677
0026_Blank_100x-8_12Mar16_Beech_Infuse,1,53,11,2-Dual,26,483678
0027_200pep_100x_140000res_25NCE_12Mar16_Beech_Infuse,1,1,11,1-Dual,27,483679
0028_200pep_100x_140000res_30NCE_12Mar16_Beech_Infuse,1,1,11,2-Dual,28,483680
0029_200pep_100x_140000res_35NCE_12Mar16_Beech_Infuse,1,1,11,1-Dual,29,483681
0030_200pep_100x_140000res_40NCE_12Mar16_Beech_Infuse,1,1,11,2-Dual,30,483682
0031_200pep_100x_140000res_45NCE_12Mar16_Beech_Infuse,1,1,11,1-Dual,31,483683
0032_200pep_100x_140000res_25-35-45NCE_12Mar16_Beech_Infuse,1,1,11,2-Dual,32,483684
0033_Blank_10x-1_12Mar16_Beech_Infuse,1,53,11,1-Dual,33,483685
0034_Blank_10x-2_12Mar16_Beech_Infuse,1,53,11,2-Dual,34,483686
0035_200pep_10x_17500res_25NCE_12Mar16_Beech_Infuse,1,2,11,1-Dual,35,483687
0036_200pep_10x_17500res_30NCE_12Mar16_Beech_Infuse,1,2,11,2-Dual,36,483688
0037_200pep_10x_17500res_35NCE_12Mar16_Beech_Infuse,1,2,11,1-Dual,37,483689
0038_200pep_10x_17500res_40NCE_12Mar16_Beech_Infuse,1,2,11,2-Dual,38,483690
0039_200pep_10x_17500res_45NCE_12Mar16_Beech_Infuse,1,2,11,1-Dual,39,483691
0040_200pep_10x_17500res_25-35-45NCE_12Mar16_Beech_Infuse,1,2,11,2-Dual,40,483692
0041_Blank_10x-3_12Mar16_Beech_Infuse,1,53,11,1-Dual,41,483693
0042_Blank_10x-4_12Mar16_Beech_Infuse,1,53,11,2-Dual,42,483694
0043_200pep_10x_35000res_25NCE_12Mar16_Beech_Infuse,1,2,11,1-Dual,43,483695
0044_200pep_10x_35000res_30NCE_12Mar16_Beech_Infuse,1,2,11,2-Dual,44,483696
0045_200pep_10x_35000res_35NCE_12Mar16_Beech_Infuse,1,2,11,1-Dual,45,483697
0046_200pep_10x_35000res_40NCE_12Mar16_Beech_Infuse,1,2,11,2-Dual,46,483698
0047_200pep_10x_35000res_45NCE_12Mar16_Beech_Infuse,1,2,11,1-Dual,47,483699
0048_200pep_10x_35000res_25-35-45NCE_12Mar16_Beech_Infuse,1,2,11,2-Dual,48,483700
0049_Blank_10x-5_12Mar16_Beech_Infuse,1,53,11,1-Dual,49,483701
0050_Blank_10x-6_12Mar16_Beech_Infuse,1,53,11,2-Dual,50,483702
0051_200pep_10x_70000res_25NCE_12Mar16_Beech_Infuse,1,2,11,1-Dual,51,483703
0052_200pep_10x_70000res_30NCE_12Mar16_Beech_Infuse,1,2,11,2-Dual,52,483704
0053_200pep_10x_70000res_35NCE_12Mar16_Beech_Infuse,1,2,11,1-Dual,53,483705
0054_200pep_10x_70000res_40NCE_12Mar16_Beech_Infuse,1,2,11,2-Dual,54,483706
0055_200pep_10x_70000res_45NCE_12Mar16_Beech_Infuse,1,2,11,1-Dual,55,483707
0056_200pep_10x_70000res_25-35-45NCE_12Mar16_Beech_Infuse,1,2,11,2-Dual,56,483708
0057_Blank_10x-7_12Mar16_Beech_Infuse,1,53,11,1-Dual,57,483709
0058_Blank_10x-8_12Mar16_Beech_Infuse,1,53,11,2-Dual,58,483710
0059_200pep_10x_140000res_25NCE_12Mar16_Beech_Infuse,1,2,11,1-Dual,59,483711
0060_200pep_10x_140000res_30NCE_12Mar16_Beech_Infuse,1,2,11,2-Dual,60,483712
0061_200pep_10x_140000res_35NCE_12Mar16_Beech_Infuse,1,2,11,1-Dual,61,483713
0062_200pep_10x_140000res_40NCE_12Mar16_Beech_Infuse,1,2,11,2-Dual,62,483714
0063_200pep_10x_140000res_45NCE_12Mar16_Beech_Infuse,1,2,11,1-Dual,63,483715
0064_200pep_10x_140000res_25-35-45NCE_12Mar16_Beech_Infuse,1,2,11,2-Dual,64,483716
0065_Blank_1x-1_12Mar16_Beech_Infuse,1,53,11,1-Dual,65,483717
0066_Blank_1x-2_12Mar16_Beech_Infuse,1,53,11,2-Dual,66,483718
0067_200pep_1x_17500res_25NCE_12Mar16_Beech_Infuse,1,3,11,1-Dual,67,483719
0068_200pep_1x_17500res_30NCE_12Mar16_Beech_Infuse,1,3,11,2-Dual,68,483720
0069_200pep_1x_17500res_35NCE_12Mar16_Beech_Infuse,1,3,11,1-Dual,69,483721
0070_200pep_1x_17500res_40NCE_12Mar16_Beech_Infuse,1,3,11,2-Dual,70,483722
0071_200pep_1x_17500res_45NCE_12Mar16_Beech_Infuse,1,3,11,1-Dual,71,483723
0072_200pep_1x_17500res_25-35-45NCE_12Mar16_Beech_Infuse,1,3,11,2-Dual,72,483724
0073_Blank_1x-3_12Mar16_Beech_Infuse,1,53,11,1-Dual,73,483725
0074_Blank_1x-4_12Mar16_Beech_Infuse,1,53,11,2-Dual,74,483726
0075_200pep_1x_35000res_25NCE_12Mar16_Beech_Infuse,1,3,11,1-Dual,75,483727
0076_200pep_1x_35000res_30NCE_12Mar16_Beech_Infuse,1,3,11,2-Dual,76,483728
0077_200pep_1x_35000res_35NCE_12Mar16_Beech_Infuse,1,3,11,1-Dual,77,483729
0078_200pep_1x_35000res_40NCE_12Mar16_Beech_Infuse,1,3,11,2-Dual,78,483730
0079_200pep_1x_35000res_45NCE_12Mar16_Beech_Infuse,1,3,11,1-Dual,79,483731
0080_200pep_1x_35000res_25-35-45NCE_12Mar16_Beech_Infuse,1,3,11,2-Dual,80,483732
0081_Blank_1x-5_12Mar16_Beech_Infuse,1,53,11,1-Dual,81,483733
0082_Blank_1x-6_12Mar16_Beech_Infuse,1,53,11,2-Dual,82,483734
0083_200pep_1x_70000res_25NCE_12Mar16_Beech_Infuse,1,3,11,1-Dual,83,483735
0084_200pep_1x_70000res_30NCE_12Mar16_Beech_Infuse,1,3,11,2-Dual,84,483736
0085_200pep_1x_70000res_35NCE_12Mar16_Beech_Infuse,1,3,11,1-Dual,85,483737
0086_200pep_1x_70000res_40NCE_12Mar16_Beech_Infuse,1,3,11,2-Dual,86,483738
0087_200pep_1x_70000res_45NCE_12Mar16_Beech_Infuse,1,3,11,1-Dual,87,483739
0088_200pep_1x_70000res_25-35-45NCE_12Mar16_Beech_Infuse,1,3,11,2-Dual,88,483740
0089_Blank_1x-7_12Mar16_Beech_Infuse,1,53,11,1-Dual,89,483741
0090_Blank_1x-8_12Mar16_Beech_Infuse,1,53,11,2-Dual,90,483742
0091_200pep_1x_140000res_25NCE_12Mar16_Beech_Infuse,1,3,11,1-Dual,91,483743
0092_200pep_1x_140000res_30NCE_12Mar16_Beech_Infuse,1,3,11,2-Dual,92,483744
0093_200pep_1x_140000res_35NCE_12Mar16_Beech_Infuse,1,3,11,1-Dual,93,483745
0094_200pep_1x_140000res_40NCE_12Mar16_Beech_Infuse,1,3,11,2-Dual,94,483746
0095_200pep_1x_140000res_45NCE_12Mar16_Beech_Infuse,1,3,11,1-Dual,95,483747
0096_200pep_1x_140000res_25-35-45NCE_12Mar16_Beech_Infuse,1,3,11,2-Dual,96,483748
0097_Blank_12Mar16_Beech_Infuse,1,53,11,1-Dual,97,483749
0098_Blank_12Mar16_Beech_Infuse,1,53,11,2-Dual,98,483750
0099_Agilent_12Mar16_Beech_Infuse,1,9,11,1-Dual,99,483751
0100_Agilent_12Mar16_Beech_Infuse,1,9,11,2-Dual,100,483752
0101_Blank_12Mar16_Beech_Infuse,1,53,11,1-Dual,101,483753
0102_Blank_12Mar16_Beech_Infuse,1,53,11,2-Dual,102,483754
0103_Thermo_12Mar16_Beech_Infuse,1,8,11,1-Dual,103,483755
0104_Thermo_12Mar16_Beech_Infuse,1,8,11,2-Dual,104,483756
0105_Blank_12Mar16_Beech_Infuse,1,53,11,1-Dual,105,483757
0106_Blank_12Mar16_Beech_Infuse,1,53,11,2-Dual,106,483758
0107_Agilent_12Mar16_Beech_Infuse,1,9,11,1-Dual,107,483759
0108_Agilent_12Mar16_Beech_Infuse,1,9,11,2-Dual,108,483760
0109_Blank_12Mar16_Beech_Infuse,1,53,11,1-Dual,109,483761
0110_Blank_12Mar16_Beech_Infuse,1,53,11,2-Dual,110,483762
0111_Thermo_12Mar16_Beech_Infuse,1,8,11,1-Dual,111,483763
0112_Thermo_12Mar16_Beech_Infuse,1,8,11,2-Dual,112,483764
0113_Blank_12Mar16_Beech_Infuse,1,53,11,1-Dual,113,483765
0114_Blank_12Mar16_Beech_Infuse,1,53,11,2-Dual,114,483766
0115_Agilent_12Mar16_Beech_Infuse,1,9,11,1-Dual,115,483767
0116_Agilent_12Mar16_Beech_Infuse,1,9,11,2-Dual,116,483768
0117_Blank_12Mar16_Beech_Infuse,1,53,11,1-Dual,117,483769
0118_Blank_12Mar16_Beech_Infuse,1,53,11,2-Dual,118,483770
0119_Thermo_12Mar16_Beech_Infuse,1,8,11,1-Dual,119,483771
0120_Thermo_12Mar16_Beech_Infuse,1,8,11,2-Dual,120,483772
0121_Blank_12Mar16_Beech_Infuse,1,53,11,1-Dual,121,483773
0122_Blank_12Mar16_Beech_Infuse,1,53,11,2-Dual,122,483774
0123_Agilent_12Mar16_Beech_Infuse,1,9,11,1-Dual,123,483775
0124_Agilent_12Mar16_Beech_Infuse,1,9,11,2-Dual,124,483776
0125_Blank_12Mar16_Beech_Infuse,1,53,11,1-Dual,125,483777
0126_Blank_12Mar16_Beech_Infuse,1,53,11,2-Dual,126,483778
0127_Thermo_12Mar16_Beech_Infuse,1,8,11,1-Dual,127,483779
0128_Thermo_12Mar16_Beech_Infuse,1,8,11,2-Dual,128,483780
0129_Blank_12Mar16_Beech_Infuse,1,53,11,1-Dual,129,483781
0130_Blank_12Mar16_Beech_Infuse,1,53,11,2-Dual,130,483782
0131_Agilent_12Mar16_Beech_Infuse,1,9,11,1-Dual,131,483783
0132_Agilent_12Mar16_Beech_Infuse,1,9,11,2-Dual,132,483784
0133_Blank_12Mar16_Beech_Infuse,1,53,11,1-Dual,133,483785
0134_Blank_12Mar16_Beech_Infuse,1,53,11,2-Dual,134,483786
0135_Thermo_12Mar16_Beech_Infuse,1,8,11,1-Dual,135,483787
0136_Thermo_12Mar16_Beech_Infuse,1,8,11,2-Dual,136,483788
0137_Blank_12Mar16_Beech_Infuse,1,53,11,1-Dual,137,483789
0138_Blank_12Mar16_Beech_Infuse,1,53,11,2-Dual,138,483790
0139_Agilent_12Mar16_Beech_Infuse,1,9,11,1-Dual,139,483791
0140_Agilent_12Mar16_Beech_Infuse,1,9,11,2-Dual,140,483792
0141_Blank_12Mar16_Beech_Infuse,1,53,11,1-Dual,141,483793
0142_Blank_12Mar16_Beech_Infuse,1,53,11,2-Dual,142,483794
0143_Thermo_12Mar16_Beech_Infuse,1,8,11,1-Dual,143,483795
0144_Thermo_12Mar16_Beech_Infuse,1,8,11,2-Dual,144,483796
0145_Blank_12Mar16_Beech_Infuse,1,53,11,1-Dual,145,483797
0146_Blank_12Mar16_Beech_Infuse,1,53,11,2-Dual,146,483798
0147_Agilent_12Mar16_Beech_Infuse,1,9,11,1-Dual,147,483799
0148_Agilent_12Mar16_Beech_Infuse,1,9,11,2-Dual,148,483800
0149_Blank_12Mar16_Beech_Infuse,1,53,11,1-Dual,149,483801
0150_Blank_12Mar16_Beech_Infuse,1,53,11,2-Dual,150,483802
0151_Thermo_12Mar16_Beech_Infuse,1,8,11,1-Dual,151,483803
0152_Thermo_12Mar16_Beech_Infuse,1,8,11,2-Dual,152,483804
0153_Blank_12Mar16_Beech_Infuse,1,53,11,1-Dual,153,483805
0154_Blank_12Mar16_Beech_Infuse,1,53,11,2-Dual,154,483806
0155_Agilent_12Mar16_Beech_Infuse,1,9,11,1-Dual,155,483807
0156_Agilent_12Mar16_Beech_Infuse,1,9,11,2-Dual,156,483808
0157_Blank_12Mar16_Beech_Infuse,1,53,11,1-Dual,157,483809
0158_Blank_12Mar16_Beech_Infuse,1,53,11,2-Dual,158,483810
0159_Thermo_12Mar16_Beech_Infuse,1,8,11,1-Dual,159,483811
0160_Thermo_12Mar16_Beech_Infuse,1,8,11,2-Dual,160,483812
0161_Blank_12Mar16_Beech_Infuse,1,53,11,1-Dual,161,483813
0162_Blank_12Mar16_Beech_Infuse,1,53,11,2-Dual,162,483814
0163_Agilent_12Mar16_Beech_Infuse,1,9,11,1-Dual,163,483815
0164_Agilent_12Mar16_Beech_Infuse,1,9,11,2-Dual,164,483816
0165_Blank_12Mar16_Beech_Infuse,1,53,11,1-Dual,165,483817
0166_Blank_12Mar16_Beech_Infuse,1,53,11,2-Dual,166,483818
0167_Thermo_12Mar16_Beech_Infuse,1,8,11,1-Dual,167,483819
0168_Thermo_12Mar16_Beech_Infuse,1,8,11,2-Dual,168,483820
0169_Blank_12Mar16_Beech_Infuse,1,53,11,1-Dual,169,483821
0170_Blank_12Mar16_Beech_Infuse,1,53,11,2-Dual,170,483822
0171_Agilent_12Mar16_Beech_Infuse,1,9,11,1-Dual,171,483823
0172_Agilent_12Mar16_Beech_Infuse,1,9,11,2-Dual,172,483824
0173_Blank_12Mar16_Beech_Infuse,1,53,11,1-Dual,173,483825
0174_Blank_12Mar16_Beech_Infuse,1,53,11,2-Dual,174,483826
0175_Thermo_12Mar16_Beech_Infuse,1,8,11,1-Dual,175,483827
0176_Thermo_12Mar16_Beech_Infuse,1,8,11,2-Dual,176,483828
0177_Blank_12Mar16_Beech_Infuse,1,53,11,1-Dual,177,483829
0178_Blank_12Mar16_Beech_Infuse,1,53,11,2-Dual,178,483830
0179_Agilent_12Mar16_Beech_Infuse,1,9,11,1-Dual,179,483831
0180_Agilent_12Mar16_Beech_Infuse,1,9,11,2-Dual,180,483832
0181_Blank_12Mar16_Beech_Infuse,1,53,11,1-Dual,181,483833
0182_Blank_12Mar16_Beech_Infuse,1,53,11,2-Dual,182,483834
0183_Thermo_12Mar16_Beech_Infuse,1,8,11,1-Dual,183,483835
0184_Thermo_12Mar16_Beech_Infuse,1,8,11,2-Dual,184,483836
0185_Blank_12Mar16_Beech_Infuse,1,53,11,1-Dual,185,483837
0186_Blank_12Mar16_Beech_Infuse,1,53,11,2-Dual,186,483838
0187_Agilent_12Mar16_Beech_Infuse,1,9,11,1-Dual,187,483839
0188_Agilent_12Mar16_Beech_Infuse,1,9,11,2-Dual,188,483840
0189_Blank_12Mar16_Beech_Infuse,1,53,11,1-Dual,189,483841
0190_Blank_12Mar16_Beech_Infuse,1,53,11,2-Dual,190,483842
0191_Thermo_12Mar16_Beech_Infuse,1,8,11,1-Dual,191,483843
0192_Thermo_12Mar16_Beech_Infuse,1,8,11,2-Dual,192,483844
0193_Blank_12Mar16_Beech_Infuse,1,53,11,1-Dual,193,483845
0194_Blank_12Mar16_Beech_Infuse,1,53,11,2-Dual,194,483846
0195_Agilent_12Mar16_Beech_Infuse,1,9,11,1-Dual,195,483847
0196_Agilent_12Mar16_Beech_Infuse,1,9,11,2-Dual,196,483848
0197_Blank_12Mar16_Beech_Infuse,1,53,11,1-Dual,197,483849
0198_Blank_12Mar16_Beech_Infuse,1,53,11,2-Dual,198,483850
0199_Thermo_12Mar16_Beech_Infuse,1,8,11,1-Dual,199,483851
0200_Thermo_12Mar16_Beech_Infuse,1,8,11,2-Dual,200,483852
0201_Blank_12Mar16_Beech_Infuse,1,53,11,1-Dual,201,483853
0202_Blank_12Mar16_Beech_Infuse,1,53,11,2-Dual,202,483854
0203_Agilent_12Mar16_Beech_Infuse,1,9,11,1-Dual,203,483855
0204_Agilent_12Mar16_Beech_Infuse,1,9,11,2-Dual,204,483856
0205_Blank_12Mar16_Beech_Infuse,1,53,11,1-Dual,205,483857
0206_Blank_12Mar16_Beech_Infuse,1,53,11,2-Dual,206,483858
0207_Thermo_12Mar16_Beech_Infuse,1,8,11,1-Dual,207,483859
0208_Thermo_12Mar16_Beech_Infuse,1,8,11,2-Dual,208,483860
0209_Blank_12Mar16_Beech_Infuse,1,53,11,1-Dual,209,483861
0210_Blank_12Mar16_Beech_Infuse,1,53,11,2-Dual,210,483862
0211_Agilent_12Mar16_Beech_Infuse,1,9,11,1-Dual,211,483863
0212_Agilent_12Mar16_Beech_Infuse,1,9,11,2-Dual,212,483864
0213_Blank_12Mar16_Beech_Infuse,1,53,11,1-Dual,213,483865
0214_Blank_12Mar16_Beech_Infuse,1,53,11,2-Dual,214,483866
0215_Thermo_12Mar16_Beech_Infuse,1,8,11,1-Dual,215,483867
0216_Thermo_12Mar16_Beech_Infuse,1,8,11,2-Dual,216,483868
0217_Blank_12Mar16_Beech_Infuse,1,53,11,1-Dual,217,483869
0218_Blank_12Mar16_Beech_Infuse,1,53,11,2-Dual,218,483870
0219_Agilent_12Mar16_Beech_Infuse,1,9,11,1-Dual,219,483871
0220_Agilent_12Mar16_Beech_Infuse,1,9,11,2-Dual,220,483872
0221_Blank_12Mar16_Beech_Infuse,1,53,11,1-Dual,221,483873
0222_Blank_12Mar16_Beech_Infuse,1,53,11,2-Dual,222,483874
0223_Thermo_12Mar16_Beech_Infuse,1,8,11,1-Dual,223,483875
0224_Thermo_12Mar16_Beech_Infuse,1,8,11,2-Dual,224,483876
0225_Blank_12Mar16_Beech_Infuse,1,53,11,1-Dual,225,483877
0226_Blank_12Mar16_Beech_Infuse,1,53,11,2-Dual,226,483878
0227_Agilent_12Mar16_Beech_Infuse,1,9,11,1-Dual,227,483879
0228_Agilent_12Mar16_Beech_Infuse,1,9,11,2-Dual,228,483880
0229_Blank_12Mar16_Beech_Infuse,1,53,11,1-Dual,229,483881
0230_Blank_12Mar16_Beech_Infuse,1,53,11,2-Dual,230,483882
0231_Thermo_12Mar16_Beech_Infuse,1,8,11,1-Dual,231,483883
0232_Thermo_12Mar16_Beech_Infuse,1,8,11,2-Dual,232,483884
0233_Blank_12Mar16_Beech_Infuse,1,53,11,1-Dual,233,483885
0234_Blank_12Mar16_Beech_Infuse,1,53,11,2-Dual,234,483886
0235_Agilent_12Mar16_Beech_Infuse,1,9,11,1-Dual,235,483887
0236_Agilent_12Mar16_Beech_Infuse,1,9,11,2-Dual,236,483888
0237_Blank_12Mar16_Beech_Infuse,1,53,11,1-Dual,237,483889
0238_Blank_12Mar16_Beech_Infuse,1,53,11,2-Dual,238,483890
0239_Thermo_12Mar16_Beech_Infuse,1,8,11,1-Dual,239,483891
0240_Thermo_12Mar16_Beech_Infuse,1,8,11,2-Dual,240,483892
0241_Blank_12Mar16_Beech_Infuse,1,53,11,1-Dual,241,483893
0242_Blank_12Mar16_Beech_Infuse,1,53,11,2-Dual,242,483894
0243_Agilent_12Mar16_Beech_Infuse,1,9,11,1-Dual,243,483895
0244_Agilent_12Mar16_Beech_Infuse,1,9,11,2-Dual,244,483896
0245_Blank_12Mar16_Beech_Infuse,1,53,11,1-Dual,245,483897
0246_Blank_12Mar16_Beech_Infuse,1,53,11,2-Dual,246,483898
0247_Thermo_12Mar16_Beech_Infuse,1,8,11,1-Dual,247,483899
0248_Thermo_12Mar16_Beech_Infuse,1,8,11,2-Dual,248,483900
0249_Blank_12Mar16_Beech_Infuse,1,53,11,1-Dual,249,483901
0250_Blank_12Mar16_Beech_Infuse,1,53,11,2-Dual,250,483902
0251_Agilent_12Mar16_Beech_Infuse,1,9,11,1-Dual,251,483903
0252_Agilent_12Mar16_Beech_Infuse,1,9,11,2-Dual,252,483904
0253_Blank_12Mar16_Beech_Infuse,1,53,11,1-Dual,253,483905
0254_Blank_12Mar16_Beech_Infuse,1,53,11,2-Dual,254,483906
0255_Thermo_12Mar16_Beech_Infuse,1,8,11,1-Dual,255,483907
0256_Thermo_12Mar16_Beech_Infuse,1,8,11,2-Dual,256,483908
0257_Blank_12Mar16_Beech_Infuse,1,53,11,1-Dual,257,483909
0258_Blank_12Mar16_Beech_Infuse,1,53,11,2-Dual,258,483910
0259_Agilent_12Mar16_Beech_Infuse,1,9,11,1-Dual,259,483911
0260_Agilent_12Mar16_Beech_Infuse,1,9,11,2-Dual,260,483912
0261_Blank_12Mar16_Beech_Infuse,1,53,11,1-Dual,261,483913
0262_Blank_12Mar16_Beech_Infuse,1,53,11,2-Dual,262,483914
0263_Thermo_12Mar16_Beech_Infuse,1,8,11,1-Dual,263,483915
0264_Thermo_12Mar16_Beech_Infuse,1,8,11,2-Dual,264,483916
0265_Blank_12Mar16_Beech_Infuse,1,53,11,1-Dual,265,483917
0266_Blank_12Mar16_Beech_Infuse,1,53,11,2-Dual,266,483918
0267_Agilent_12Mar16_Beech_Infuse,1,9,11,1-Dual,267,483919
0268_Agilent_12Mar16_Beech_Infuse,1,9,11,2-Dual,268,483920
0269_Blank_12Mar16_Beech_Infuse,1,53,11,1-Dual,269,483921
0270_Blank_12Mar16_Beech_Infuse,1,53,11,2-Dual,270,483922
0271_Thermo_12Mar16_Beech_Infuse,1,8,11,1-Dual,271,483923
0272_Thermo_12Mar16_Beech_Infuse,1,8,11,2-Dual,272,483924
0273_Blank_12Mar16_Beech_Infuse,1,53,11,1-Dual,273,483925
0274_Blank_12Mar16_Beech_Infuse,1,53,11,2-Dual,274,483926
0275_Agilent_12Mar16_Beech_Infuse,1,9,11,1-Dual,275,483927
0276_Agilent_12Mar16_Beech_Infuse,1,9,11,2-Dual,276,483928
0277_Blank_12Mar16_Beech_Infuse,1,53,11,1-Dual,277,483929
0278_Blank_12Mar16_Beech_Infuse,1,53,11,2-Dual,278,483930
0279_Thermo_12Mar16_Beech_Infuse,1,8,11,1-Dual,279,483931
0280_Thermo_12Mar16_Beech_Infuse,1,8,11,2-Dual,280,483932
0281_Blank_12Mar16_Beech_Infuse,1,53,11,1-Dual,281,483933
0282_Blank_12Mar16_Beech_Infuse,1,53,11,2-Dual,282,483934
0283_Agilent_12Mar16_Beech_Infuse,1,9,11,1-Dual,283,483935
0284_Agilent_12Mar16_Beech_Infuse,1,9,11,2-Dual,284,483936
0285_Blank_12Mar16_Beech_Infuse,1,53,11,1-Dual,285,483937
0286_Blank_12Mar16_Beech_Infuse,1,53,11,2-Dual,286,483938
0287_Thermo_12Mar16_Beech_Infuse,1,8,11,1-Dual,287,483939
0288_Thermo_12Mar16_Beech_Infuse,1,8,11,2-Dual,288,483940
0289_Blank_12Mar16_Beech_Infuse,1,53,11,1-Dual,289,483941
0290_Blank_12Mar16_Beech_Infuse,1,53,11,2-Dual,290,483942
0291_Agilent_12Mar16_Beech_Infuse,1,9,11,1-Dual,291,483943
0292_Agilent_12Mar16_Beech_Infuse,1,9,11,2-Dual,292,483944
0293_Blank_12Mar16_Beech_Infuse,1,53,11,1-Dual,293,483945
0294_Blank_12Mar16_Beech_Infuse,1,53,11,2-Dual,294,483946
0295_Thermo_12Mar16_Beech_Infuse,1,8,11,1-Dual,295,483947
0296_Thermo_12Mar16_Beech_Infuse,1,8,11,2-Dual,296,483948
0297_Blank_12Mar16_Beech_Infuse,1,53,11,1-Dual,297,483949
0298_Blank_12Mar16_Beech_Infuse,1,53,11,2-Dual,298,483950
0299_Agilent_12Mar16_Beech_Infuse,1,9,11,1-Dual,299,483951
0300_Agilent_12Mar16_Beech_Infuse,1,9,11,2-Dual,300,483952
0301_Blank_12Mar16_Beech_Infuse,1,53,11,1-Dual,301,483953
0302_Blank_12Mar16_Beech_Infuse,1,53,11,2-Dual,302,483954
0303_Thermo_12Mar16_Beech_Infuse,1,8,11,1-Dual,303,483955
0304_Thermo_12Mar16_Beech_Infuse,1,8,11,2-Dual,304,483956
0305_Blank_12Mar16_Beech_Infuse,1,53,11,1-Dual,305,483957
0306_Blank_12Mar16_Beech_Infuse,1,53,11,2-Dual,306,483958
0307_Agilent_12Mar16_Beech_Infuse,1,9,11,1-Dual,307,483959
0308_Agilent_12Mar16_Beech_Infuse,1,9,11,2-Dual,308,483960
0309_Blank_12Mar16_Beech_Infuse,1,53,11,1-Dual,309,483961
0310_Blank_12Mar16_Beech_Infuse,1,53,11,2-Dual,310,483962
0311_Thermo_12Mar16_Beech_Infuse,1,8,11,1-Dual,311,483963
0312_Thermo_12Mar16_Beech_Infuse,1,8,11,2-Dual,312,483964
0313_Blank_12Mar16_Beech_Infuse,1,53,11,1-Dual,313,483965
0314_Blank_12Mar16_Beech_Infuse,1,53,11,2-Dual,314,483966
0315_Agilent_12Mar16_Beech_Infuse,1,9,11,1-Dual,315,483967
0316_Agilent_12Mar16_Beech_Infuse,1,9,11,2-Dual,316,483968
0317_Blank_12Mar16_Beech_Infuse,1,53,11,1-Dual,317,483969
0318_Blank_12Mar16_Beech_Infuse,1,53,11,2-Dual,318,483970
0319_Thermo_12Mar16_Beech_Infuse,1,8,11,1-Dual,319,483971
0320_Thermo_12Mar16_Beech_Infuse,1,8,11,2-Dual,320,483972
0321_Blank_12Mar16_Beech_Infuse,1,53,11,1-Dual,321,483973
0322_Blank_12Mar16_Beech_Infuse,1,53,11,2-Dual,322,483974
0323_Agilent_12Mar16_Beech_Infuse,1,9,11,1-Dual,323,483975
0324_Agilent_12Mar16_Beech_Infuse,1,9,11,2-Dual,324,483976
0325_Blank_12Mar16_Beech_Infuse,1,53,11,1-Dual,325,483977
0326_Blank_12Mar16_Beech_Infuse,1,53,11,2-Dual,326,483978
0327_Thermo_12Mar16_Beech_Infuse,1,8,11,1-Dual,327,483979
0328_Thermo_12Mar16_Beech_Infuse,1,8,11,2-Dual,328,483980
0329_Blank_12Mar16_Beech_Infuse,1,53,11,1-Dual,329,483981
0330_Blank_12Mar16_Beech_Infuse,1,53,11,2-Dual,330,483982
0331_Agilent_12Mar16_Beech_Infuse,1,9,11,1-Dual,331,483983
0332_Agilent_12Mar16_Beech_Infuse,1,9,11,2-Dual,332,483984
0333_Blank_12Mar16_Beech_Infuse,1,53,11,1-Dual,333,483985
0334_Blank_12Mar16_Beech_Infuse,1,53,11,2-Dual,334,483986
0335_Thermo_12Mar16_Beech_Infuse,1,8,11,1-Dual,335,483987
0336_Thermo_12Mar16_Beech_Infuse,1,8,11,2-Dual,336,483988
0337_Blank_12Mar16_Beech_Infuse,1,53,11,1-Dual,337,483989
0338_Blank_12Mar16_Beech_Infuse,1,53,11,2-Dual,338,483990
0339_Agilent_12Mar16_Beech_Infuse,1,9,11,1-Dual,339,483991
0340_Agilent_12Mar16_Beech_Infuse,1,9,11,2-Dual,340,483992
0341_Blank_12Mar16_Beech_Infuse,1,53,11,1-Dual,341,483993
0342_Blank_12Mar16_Beech_Infuse,1,53,11,2-Dual,342,483994
0343_Thermo_12Mar16_Beech_Infuse,1,8,11,1-Dual,343,483995
0344_Thermo_12Mar16_Beech_Infuse,1,8,11,2-Dual,344,483996
0345_Blank_12Mar16_Beech_Infuse,1,53,11,1-Dual,345,483997
0346_Blank_12Mar16_Beech_Infuse,1,53,11,2-Dual,346,483998
0347_Agilent_12Mar16_Beech_Infuse,1,9,11,1-Dual,347,483999
0348_Agilent_12Mar16_Beech_Infuse,1,9,11,2-Dual,348,484000
0349_Blank_12Mar16_Beech_Infuse,1,53,11,1-Dual,349,484001
0350_Blank_12Mar16_Beech_Infuse,1,53,11,2-Dual,350,484002
0351_Thermo_12Mar16_Beech_Infuse,1,8,11,1-Dual,351,484003
0352_Thermo_12Mar16_Beech_Infuse,1,8,11,2-Dual,352,484004
0353_Blank_12Mar16_Beech_Infuse,1,53,11,1-Dual,353,484005
0354_Blank_12Mar16_Beech_Infuse,1,53,11,2-Dual,354,484006
0355_Agilent_12Mar16_Beech_Infuse,1,9,11,1-Dual,355,484007
0356_Agilent_12Mar16_Beech_Infuse,1,9,11,2-Dual,356,484008
0357_Blank_12Mar16_Beech_Infuse,1,53,11,1-Dual,357,484009
0358_Blank_12Mar16_Beech_Infuse,1,53,11,2-Dual,358,484010
0359_Thermo_12Mar16_Beech_Infuse,1,8,11,1-Dual,359,484011
0360_Thermo_12Mar16_Beech_Infuse,1,8,11,2-Dual,360,484012
0361_Blank_12Mar16_Beech_Infuse,1,53,11,1-Dual,361,484013
0362_Blank_12Mar16_Beech_Infuse,1,53,11,2-Dual,362,484014
0363_Agilent_12Mar16_Beech_Infuse,1,9,11,1-Dual,363,484015
0364_Agilent_12Mar16_Beech_Infuse,1,9,11,2-Dual,364,484016
0365_Blank_12Mar16_Beech_Infuse,1,53,11,1-Dual,365,484017
0366_Blank_12Mar16_Beech_Infuse,1,53,11,2-Dual,366,484018
0367_Thermo_12Mar16_Beech_Infuse,1,8,11,1-Dual,367,484019
0368_Thermo_12Mar16_Beech_Infuse,1,8,11,2-Dual,368,484020
0369_Blank_12Mar16_Beech_Infuse,1,53,11,1-Dual,369,484021
0370_Blank_12Mar16_Beech_Infuse,1,53,11,2-Dual,370,484022
0371_Agilent_12Mar16_Beech_Infuse,1,9,11,1-Dual,371,484023
0372_Agilent_12Mar16_Beech_Infuse,1,9,11,2-Dual,372,484024
0373_Blank_12Mar16_Beech_Infuse,1,53,11,1-Dual,373,484025
0374_Blank_12Mar16_Beech_Infuse,1,53,11,2-Dual,374,484026
0375_Thermo_12Mar16_Beech_Infuse,1,8,11,1-Dual,375,484027
0376_Thermo_12Mar16_Beech_Infuse,1,8,11,2-Dual,376,484028
0377_Blank_12Mar16_Beech_Infuse,1,53,11,1-Dual,377,484029
0378_Blank_12Mar16_Beech_Infuse,1,53,11,2-Dual,378,484030
0379_Agilent_12Mar16_Beech_Infuse,1,9,11,1-Dual,379,484031
0380_Agilent_12Mar16_Beech_Infuse,1,9,11,2-Dual,380,484032
0381_Blank_12Mar16_Beech_Infuse,1,53,11,1-Dual,381,484033
0382_Blank_12Mar16_Beech_Infuse,1,53,11,2-Dual,382,484034
0383_Thermo_12Mar16_Beech_Infuse,1,8,11,1-Dual,383,484035
0384_Thermo_12Mar16_Beech_Infuse,1,8,11,2-Dual,384,484036
0385_Blank_12Mar16_Beech_Infuse,1,53,11,1-Dual,385,484037
0386_Blank_12Mar16_Beech_Infuse,1,53,11,2-Dual,386,484038
0387_Agilent_12Mar16_Beech_Infuse,1,9,11,1-Dual,387,484039
0388_Agilent_12Mar16_Beech_Infuse,1,9,11,2-Dual,388,484040
0389_Blank_12Mar16_Beech_Infuse,1,53,11,1-Dual,389,484041
0390_Blank_12Mar16_Beech_Infuse,1,53,11,2-Dual,390,484042
0391_Thermo_12Mar16_Beech_Infuse,1,8,11,1-Dual,391,484043
0392_Thermo_12Mar16_Beech_Infuse,1,8,11,2-Dual,392,484044
0393_Blank_12Mar16_Beech_Infuse,1,53,11,1-Dual,393,484045
0394_Blank_12Mar16_Beech_Infuse,1,53,11,2-Dual,394,484046
0395_Agilent_12Mar16_Beech_Infuse,1,9,11,1-Dual,395,484047
0396_Agilent_12Mar16_Beech_Infuse,1,9,11,2-Dual,396,484048
0397_Blank_12Mar16_Beech_Infuse,1,53,11,1-Dual,397,484049
0398_Blank_12Mar16_Beech_Infuse,1,53,11,2-Dual,398,484050
0399_Thermo_12Mar16_Beech_Infuse,1,8,11,1-Dual,399,484051
0400_Thermo_12Mar16_Beech_Infuse,1,8,11,2-Dual,400,484052
0401_Blank_12Mar16_Beech_Infuse,1,53,11,1-Dual,401,484053
0402_Blank_12Mar16_Beech_Infuse,1,53,11,2-Dual,402,484054
0403_Agilent_12Mar16_Beech_Infuse,1,9,11,1-Dual,403,484055
0404_Agilent_12Mar16_Beech_Infuse,1,9,11,2-Dual,404,484056
0405_Blank_12Mar16_Beech_Infuse,1,53,11,1-Dual,405,484057
0406_Blank_12Mar16_Beech_Infuse,1,53,11,2-Dual,406,484058
0407_Thermo_12Mar16_Beech_Infuse,1,8,11,1-Dual,407,484059
0408_Thermo_12Mar16_Beech_Infuse,1,8,11,2-Dual,408,484060
0409_Blank_12Mar16_Beech_Infuse,1,53,11,1-Dual,409,484061
0410_Blank_12Mar16_Beech_Infuse,1,53,11,2-Dual,410,484062
0411_Agilent_12Mar16_Beech_Infuse,1,9,11,1-Dual,411,484063
0412_Agilent_12Mar16_Beech_Infuse,1,9,11,2-Dual,412,484064
0413_Blank_12Mar16_Beech_Infuse,1,53,11,1-Dual,413,484065
0414_Blank_12Mar16_Beech_Infuse,1,53,11,2-Dual,414,484066
0415_Thermo_12Mar16_Beech_Infuse,1,8,11,1-Dual,415,484067
0416_Thermo_12Mar16_Beech_Infuse,1,8,11,2-Dual,416,484068
0417_Blank_12Mar16_Beech_Infuse,1,53,11,1-Dual,417,484069
0418_Blank_12Mar16_Beech_Infuse,1,53,11,2-Dual,418,484070
0419_Agilent_12Mar16_Beech_Infuse,1,9,11,1-Dual,419,484071
0420_Agilent_12Mar16_Beech_Infuse,1,9,11,2-Dual,420,484072
0421_Blank_12Mar16_Beech_Infuse,1,53,11,1-Dual,421,484073
0422_Blank_12Mar16_Beech_Infuse,1,53,11,2-Dual,422,484074
0423_Thermo_12Mar16_Beech_Infuse,1,8,11,1-Dual,423,484075
0424_Thermo_12Mar16_Beech_Infuse,1,8,11,2-Dual,424,484076
0425_Blank_12Mar16_Beech_Infuse,1,53,11,1-Dual,425,484077
0426_Blank_12Mar16_Beech_Infuse,1,53,11,2-Dual,426,484078
0427_Agilent_12Mar16_Beech_Infuse,1,9,11,1-Dual,427,484079
0428_Agilent_12Mar16_Beech_Infuse,1,9,11,2-Dual,428,484080
0429_Blank_12Mar16_Beech_Infuse,1,53,11,1-Dual,429,484081
0430_Blank_12Mar16_Beech_Infuse,1,53,11,2-Dual,430,484082
0431_Thermo_12Mar16_Beech_Infuse,1,8,11,1-Dual,431,484083
0432_Thermo_12Mar16_Beech_Infuse,1,8,11,2-Dual,432,484084
0433_Blank_12Mar16_Beech_Infuse,1,53,11,1-Dual,433,484085
0434_Blank_12Mar16_Beech_Infuse,1,53,11,2-Dual,434,484086
0435_Agilent_12Mar16_Beech_Infuse,1,9,11,1-Dual,435,484087
0436_Agilent_12Mar16_Beech_Infuse,1,9,11,2-Dual,436,484088
0437_Blank_12Mar16_Beech_Infuse,1,53,11,1-Dual,437,484089
0438_Blank_12Mar16_Beech_Infuse,1,53,11,2-Dual,438,484090
0439_Thermo_12Mar16_Beech_Infuse,1,8,11,1-Dual,439,484091
0440_Thermo_12Mar16_Beech_Infuse,1,8,11,2-Dual,440,484092
0441_Blank_12Mar16_Beech_Infuse,1,53,11,1-Dual,441,484093
0442_Blank_12Mar16_Beech_Infuse,1,53,11,2-Dual,442,484094
0443_Agilent_12Mar16_Beech_Infuse,1,9,11,1-Dual,443,484095
0444_Agilent_12Mar16_Beech_Infuse,1,9,11,2-Dual,444,484096
0445_Blank_12Mar16_Beech_Infuse,1,53,11,1-Dual,445,484097
0446_Blank_12Mar16_Beech_Infuse,1,53,11,2-Dual,446,484098
0447_Thermo_12Mar16_Beech_Infuse,1,8,11,1-Dual,447,484099
0448_Thermo_12Mar16_Beech_Infuse,1,8,11,2-Dual,448,484100
0449_Blank_12Mar16_Beech_Infuse,1,53,11,1-Dual,449,484101
0450_Blank_12Mar16_Beech_Infuse,1,53,11,2-Dual,450,484102
0451_Agilent_12Mar16_Beech_Infuse,1,9,11,1-Dual,451,484103
0452_Agilent_12Mar16_Beech_Infuse,1,9,11,2-Dual,452,484104
0453_Blank_12Mar16_Beech_Infuse,1,53,11,1-Dual,453,484105
0454_Blank_12Mar16_Beech_Infuse,1,53,11,2-Dual,454,484106
0455_Thermo_12Mar16_Beech_Infuse,1,8,11,1-Dual,455,484107
0456_Thermo_12Mar16_Beech_Infuse,1,8,11,2-Dual,456,484108
0457_Blank_12Mar16_Beech_Infuse,1,53,11,1-Dual,457,484109
0458_Blank_12Mar16_Beech_Infuse,1,53,11,2-Dual,458,484110
0459_Agilent_12Mar16_Beech_Infuse,1,9,11,1-Dual,459,484111
0460_Agilent_12Mar16_Beech_Infuse,1,9,11,2-Dual,460,484112
0461_Blank_12Mar16_Beech_Infuse,1,53,11,1-Dual,461,484113
0462_Blank_12Mar16_Beech_Infuse,1,53,11,2-Dual,462,484114
0463_Thermo_12Mar16_Beech_Infuse,1,8,11,1-Dual,463,484115
0464_Thermo_12Mar16_Beech_Infuse,1,8,11,2-Dual,464,484116
0465_Blank_12Mar16_Beech_Infuse,1,53,11,1-Dual,465,484117
0466_Blank_12Mar16_Beech_Infuse,1,53,11,2-Dual,466,484118
0467_Agilent_12Mar16_Beech_Infuse,1,9,11,1-Dual,467,484119
0468_Agilent_12Mar16_Beech_Infuse,1,9,11,2-Dual,468,484120
0469_Blank_12Mar16_Beech_Infuse,1,53,11,1-Dual,469,484121
0470_Blank_12Mar16_Beech_Infuse,1,53,11,2-Dual,470,484122
0471_Thermo_12Mar16_Beech_Infuse,1,8,11,1-Dual,471,484123
0472_Thermo_12Mar16_Beech_Infuse,1,8,11,2-Dual,472,484124
0473_Blank_12Mar16_Beech_Infuse,1,53,11,1-Dual,473,484125
0474_Blank_12Mar16_Beech_Infuse,1,53,11,2-Dual,474,484126
0475_Agilent_12Mar16_Beech_Infuse,1,9,11,1-Dual,475,484127
0476_Agilent_12Mar16_Beech_Infuse,1,9,11,2-Dual,476,484128
0477_Blank_12Mar16_Beech_Infuse,1,53,11,1-Dual,477,484129
0478_Blank_12Mar16_Beech_Infuse,1,53,11,2-Dual,478,484130
0479_Thermo_12Mar16_Beech_Infuse,1,8,11,1-Dual,479,484131
0480_Thermo_12Mar16_Beech_Infuse,1,8,11,2-Dual,480,484132
0481_Blank_12Mar16_Beech_Infuse,1,53,11,1-Dual,481,484133
0482_Blank_12Mar16_Beech_Infuse,1,53,11,2-Dual,482,484134
0483_Agilent_12Mar16_Beech_Infuse,1,9,11,1-Dual,483,484135
0484_Agilent_12Mar16_Beech_Infuse,1,9,11,2-Dual,484,484136
0485_Blank_12Mar16_Beech_Infuse,1,53,11,1-Dual,485,484137
0486_Blank_12Mar16_Beech_Infuse,1,53,11,2-Dual,486,484138
0487_Thermo_12Mar16_Beech_Infuse,1,8,11,1-Dual,487,484139
0488_Thermo_12Mar16_Beech_Infuse,1,8,11,2-Dual,488,484140
0489_Blank_12Mar16_Beech_Infuse,1,53,11,1-Dual,489,484141
0490_Blank_12Mar16_Beech_Infuse,1,53,11,2-Dual,490,484142
0491_Agilent_12Mar16_Beech_Infuse,1,9,11,1-Dual,491,484143
0492_Agilent_12Mar16_Beech_Infuse,1,9,11,2-Dual,492,484144
0493_Blank_12Mar16_Beech_Infuse,1,53,11,1-Dual,493,484145
0494_Blank_12Mar16_Beech_Infuse,1,53,11,2-Dual,494,484146
0495_Thermo_12Mar16_Beech_Infuse,1,8,11,1-Dual,495,484147
0496_Thermo_12Mar16_Beech_Infuse,1,8,11,2-Dual,496,484148
0497_Blank_12Mar16_Beech_Infuse,1,53,11,1-Dual,497,484149
0498_Blank_12Mar16_Beech_Infuse,1,53,11,2-Dual,498,484150
0499_Agilent_12Mar16_Beech_Infuse,1,9,11,1-Dual,499,484151
0500_Agilent_12Mar16_Beech_Infuse,1,9,11,2-Dual,500,484152
0501_Blank_12Mar16_Beech_Infuse,1,52,11,1-Dual,501,484153
0502_Blank_12Mar16_Beech_Infuse,1,52,11,2-Dual,502,484154
0503_Thermo_12Mar16_Beech_Infuse,1,6,11,1-Dual,503,484155
0504_Thermo_12Mar16_Beech_Infuse,1,6,11,2-Dual,504,484156
0505_Blank_12Mar16_Beech_Infuse,1,52,11,1-Dual,505,484157
0506_Blank_12Mar16_Beech_Infuse,1,52,11,2-Dual,506,484158
0507_Agilent_12Mar16_Beech_Infuse,1,7,11,1-Dual,507,484159
0508_Agilent_12Mar16_Beech_Infuse,1,7,11,2-Dual,508,484160
0509_Blank_12Mar16_Beech_Infuse,1,53,11,1-Dual,509,484161
0510_Blank_12Mar16_Beech_Infuse,1,52,11,2-Dual,510,484162
0511_Thermo_12Mar16_Beech_Infuse,1,6,11,1-Dual,511,484163
0512_Thermo_12Mar16_Beech_Infuse,1,6,11,2-Dual,512,484164
0513_Blank_12Mar16_Beech_Infuse,1,52,11,1-Dual,513,484165
0514_Blank_12Mar16_Beech_Infuse,1,52,11,2-Dual,514,484166
0515_Agilent_12Mar16_Beech_Infuse,1,7,11,1-Dual,515,484167
0516_Agilent_12Mar16_Beech_Infuse,1,7,11,2-Dual,516,484168
0517_Blank_12Mar16_Beech_Infuse,1,52,11,1-Dual,517,484169
0518_Blank_12Mar16_Beech_Infuse,1,52,11,2-Dual,518,484170
0519_Thermo_12Mar16_Beech_Infuse,1,6,11,1-Dual,519,484171
0520_Thermo_12Mar16_Beech_Infuse,1,6,11,2-Dual,520,484172
0521_Blank_12Mar16_Beech_Infuse,1,52,11,1-Dual,521,484173
0522_Blank_12Mar16_Beech_Infuse,1,52,11,2-Dual,522,484174
0523_Agilent_12Mar16_Beech_Infuse,1,7,11,1-Dual,523,484175
0524_Agilent_12Mar16_Beech_Infuse,1,7,11,2-Dual,524,484176
0525_Blank_12Mar16_Beech_Infuse,1,52,11,1-Dual,525,484177
0526_Blank_12Mar16_Beech_Infuse,1,52,11,2-Dual,526,484178
0527_Thermo_12Mar16_Beech_Infuse,1,6,11,1-Dual,527,484179
0528_Thermo_12Mar16_Beech_Infuse,1,6,11,2-Dual,528,484180
0529_Blank_12Mar16_Beech_Infuse,1,52,11,1-Dual,529,484181
0530_Blank_12Mar16_Beech_Infuse,1,52,11,2-Dual,530,484182
0531_Agilent_12Mar16_Beech_Infuse,1,7,11,1-Dual,531,484183
0532_Agilent_12Mar16_Beech_Infuse,1,7,11,2-Dual,532,484184
0533_Blank_12Mar16_Beech_Infuse,1,52,11,1-Dual,533,484185
0534_Blank_12Mar16_Beech_Infuse,1,52,11,2-Dual,534,484186
0535_Thermo_12Mar16_Beech_Infuse,1,6,11,1-Dual,535,484187
0536_Thermo_12Mar16_Beech_Infuse,1,6,11,2-Dual,536,484188
0537_Blank_12Mar16_Beech_Infuse,1,52,11,1-Dual,537,484189
0538_Blank_12Mar16_Beech_Infuse,1,52,11,2-Dual,538,484190
0539_Agilent_12Mar16_Beech_Infuse,1,7,11,1-Dual,539,484191
0540_Agilent_12Mar16_Beech_Infuse,1,7,11,2-Dual,540,484192
0541_Blank_12Mar16_Beech_Infuse,1,52,11,1-Dual,541,484193
0542_Blank_12Mar16_Beech_Infuse,1,52,11,2-Dual,542,484194
0543_Thermo_12Mar16_Beech_Infuse,1,6,11,1-Dual,543,484195
0544_Thermo_12Mar16_Beech_Infuse,1,6,11,2-Dual,544,484196
0545_Blank_12Mar16_Beech_Infuse,1,52,11,1-Dual,545,484197
0546_Blank_12Mar16_Beech_Infuse,1,52,11,2-Dual,546,484198
0547_Agilent_12Mar16_Beech_Infuse,1,7,11,1-Dual,547,484199
0548_Agilent_12Mar16_Beech_Infuse,1,7,11,2-Dual,548,484200
0549_Blank_12Mar16_Beech_Infuse,1,52,11,1-Dual,549,484201
0550_Blank_12Mar16_Beech_Infuse,1,52,11,2-Dual,550,484202
0551_Thermo_12Mar16_Beech_Infuse,1,6,11,1-Dual,551,484203
0552_Thermo_12Mar16_Beech_Infuse,1,6,11,2-Dual,552,484204
0553_Blank_12Mar16_Beech_Infuse,1,52,11,1-Dual,553,484205
0554_Blank_12Mar16_Beech_Infuse,1,52,11,2-Dual,554,484206
0555_Agilent_12Mar16_Beech_Infuse,1,7,11,1-Dual,555,484207
0556_Agilent_12Mar16_Beech_Infuse,1,7,11,2-Dual,556,484208
0557_Blank_12Mar16_Beech_Infuse,1,52,11,1-Dual,557,484209
0558_Blank_12Mar16_Beech_Infuse,1,52,11,2-Dual,558,484210
0559_Thermo_12Mar16_Beech_Infuse,1,6,11,1-Dual,559,484211
0560_Thermo_12Mar16_Beech_Infuse,1,6,11,2-Dual,560,484212
0561_Blank_12Mar16_Beech_Infuse,1,52,11,1-Dual,561,484213
0562_Blank_12Mar16_Beech_Infuse,1,52,11,2-Dual,562,484214
0563_Agilent_12Mar16_Beech_Infuse,1,7,11,1-Dual,563,484215
0564_Agilent_12Mar16_Beech_Infuse,1,7,11,2-Dual,564,484216
0565_Blank_12Mar16_Beech_Infuse,1,52,11,1-Dual,565,484217
0566_Blank_12Mar16_Beech_Infuse,1,52,11,2-Dual,566,484218
0567_Thermo_12Mar16_Beech_Infuse,1,6,11,1-Dual,567,484219
0568_Thermo_12Mar16_Beech_Infuse,1,6,11,2-Dual,568,484220
0569_Blank_12Mar16_Beech_Infuse,1,52,11,1-Dual,569,484221
0570_Blank_12Mar16_Beech_Infuse,1,52,11,2-Dual,570,484222
0571_Agilent_12Mar16_Beech_Infuse,1,7,11,1-Dual,571,484223
0572_Agilent_12Mar16_Beech_Infuse,1,7,11,2-Dual,572,484224
0573_Blank_12Mar16_Beech_Infuse,1,52,11,1-Dual,573,484225
0574_Blank_12Mar16_Beech_Infuse,1,52,11,2-Dual,574,484226
0575_Thermo_12Mar16_Beech_Infuse,1,6,11,1-Dual,575,484227
0576_Thermo_12Mar16_Beech_Infuse,1,6,11,2-Dual,576,484228
0577_Blank_12Mar16_Beech_Infuse,1,52,11,1-Dual,577,484229
0578_Blank_12Mar16_Beech_Infuse,1,52,11,2-Dual,578,484230
0579_Agilent_12Mar16_Beech_Infuse,1,7,11,1-Dual,579,484231
0580_Agilent_12Mar16_Beech_Infuse,1,7,11,2-Dual,580,484232
0581_Blank_12Mar16_Beech_Infuse,1,52,11,1-Dual,581,484233
0582_Blank_12Mar16_Beech_Infuse,1,52,11,2-Dual,582,484234
0583_Thermo_12Mar16_Beech_Infuse,1,6,11,1-Dual,583,484235
0584_Thermo_12Mar16_Beech_Infuse,1,6,11,2-Dual,584,484236
0585_Blank_12Mar16_Beech_Infuse,1,52,11,1-Dual,585,484237
0586_Blank_12Mar16_Beech_Infuse,1,52,11,2-Dual,586,484238
0587_Agilent_12Mar16_Beech_Infuse,1,7,11,1-Dual,587,484239
0588_Agilent_12Mar16_Beech_Infuse,1,7,11,2-Dual,588,484240
0589_Blank_12Mar16_Beech_Infuse,1,52,11,1-Dual,589,484241
0590_Blank_12Mar16_Beech_Infuse,1,52,11,2-Dual,590,484242
0591_Thermo_12Mar16_Beech_Infuse,1,6,11,1-Dual,591,484243
0592_Thermo_12Mar16_Beech_Infuse,1,6,11,2-Dual,592,484244
0593_Blank_12Mar16_Beech_Infuse,1,52,11,1-Dual,593,484245
0594_Blank_12Mar16_Beech_Infuse,1,52,11,2-Dual,594,484246
0595_Agilent_12Mar16_Beech_Infuse,1,7,11,1-Dual,595,484247
0596_Agilent_12Mar16_Beech_Infuse,1,7,11,2-Dual,596,484248
0597_Blank_12Mar16_Beech_Infuse,1,52,11,1-Dual,597,484249
0598_Blank_12Mar16_Beech_Infuse,1,52,11,2-Dual,598,484250
0599_Thermo_12Mar16_Beech_Infuse,1,6,11,1-Dual,599,484251
0600_Thermo_12Mar16_Beech_Infuse,1,6,11,2-Dual,600,484252
0601_Blank_12Mar16_Beech_Infuse,1,52,11,1-Dual,601,484253
0602_Blank_12Mar16_Beech_Infuse,1,52,11,2-Dual,602,484254
0603_Agilent_12Mar16_Beech_Infuse,1,7,11,1-Dual,603,484255
0604_Agilent_12Mar16_Beech_Infuse,1,7,11,2-Dual,604,484256
0605_Blank_12Mar16_Beech_Infuse,1,52,11,1-Dual,605,484257
0606_Blank_12Mar16_Beech_Infuse,1,52,11,2-Dual,606,484258
0607_Thermo_12Mar16_Beech_Infuse,1,6,11,1-Dual,607,484259
0608_Thermo_12Mar16_Beech_Infuse,1,6,11,2-Dual,608,484260
0609_Blank_12Mar16_Beech_Infuse,1,52,11,1-Dual,609,484261
0610_Blank_12Mar16_Beech_Infuse,1,52,11,2-Dual,610,484262
0611_Agilent_12Mar16_Beech_Infuse,1,7,11,1-Dual,611,484263
0612_Agilent_12Mar16_Beech_Infuse,1,7,11,2-Dual,612,484264
0613_Blank_12Mar16_Beech_Infuse,1,52,11,1-Dual,613,484265
0614_Blank_12Mar16_Beech_Infuse,1,52,11,2-Dual,614,484266
0615_Thermo_12Mar16_Beech_Infuse,1,6,11,1-Dual,615,484267
0616_Thermo_12Mar16_Beech_Infuse,1,6,11,2-Dual,616,484268
0617_Blank_12Mar16_Beech_Infuse,1,52,11,1-Dual,617,484269
0618_Blank_12Mar16_Beech_Infuse,1,52,11,2-Dual,618,484270
0619_Agilent_12Mar16_Beech_Infuse,1,7,11,1-Dual,619,484271
0620_Agilent_12Mar16_Beech_Infuse,1,7,11,2-Dual,620,484272
0621_Blank_12Mar16_Beech_Infuse,1,52,11,1-Dual,621,484273
0622_Blank_12Mar16_Beech_Infuse,1,52,11,2-Dual,622,484274
0623_Thermo_12Mar16_Beech_Infuse,1,6,11,1-Dual,623,484275
0624_Thermo_12Mar16_Beech_Infuse,1,6,11,2-Dual,624,484276
0625_Blank_12Mar16_Beech_Infuse,1,52,11,1-Dual,625,484277
0626_Blank_12Mar16_Beech_Infuse,1,52,11,2-Dual,626,484278
0627_Agilent_12Mar16_Beech_Infuse,1,7,11,1-Dual,627,484279
0628_Agilent_12Mar16_Beech_Infuse,1,7,11,2-Dual,628,484280
0629_Blank_12Mar16_Beech_Infuse,1,52,11,1-Dual,629,484281
0630_Blank_12Mar16_Beech_Infuse,1,52,11,2-Dual,630,484282
0631_Thermo_12Mar16_Beech_Infuse,1,6,11,1-Dual,631,484283
0632_Thermo_12Mar16_Beech_Infuse,1,6,11,2-Dual,632,484284
0633_Blank_12Mar16_Beech_Infuse,1,52,11,1-Dual,633,484285
0634_Blank_12Mar16_Beech_Infuse,1,52,11,2-Dual,634,484286
0635_Agilent_12Mar16_Beech_Infuse,1,7,11,1-Dual,635,484287
0636_Agilent_12Mar16_Beech_Infuse,1,7,11,2-Dual,636,484288
0637_Blank_12Mar16_Beech_Infuse,1,52,11,1-Dual,637,484289
0638_Blank_12Mar16_Beech_Infuse,1,52,11,2-Dual,638,484290
0639_Thermo_12Mar16_Beech_Infuse,1,6,11,1-Dual,639,484291
0640_Thermo_12Mar16_Beech_Infuse,1,6,11,2-Dual,640,484292
0641_Blank_12Mar16_Beech_Infuse,1,52,11,1-Dual,641,484293
0642_Blank_12Mar16_Beech_Infuse,1,52,11,2-Dual,642,484294
0643_Agilent_12Mar16_Beech_Infuse,1,7,11,1-Dual,643,484295
0644_Agilent_12Mar16_Beech_Infuse,1,7,11,2-Dual,644,484296
0645_Blank_12Mar16_Beech_Infuse,1,52,11,1-Dual,645,484297
0646_Blank_12Mar16_Beech_Infuse,1,52,11,2-Dual,646,484298
0647_Thermo_12Mar16_Beech_Infuse,1,6,11,1-Dual,647,484299
0648_Thermo_12Mar16_Beech_Infuse,1,6,11,2-Dual,648,484300
0649_Blank_12Mar16_Beech_Infuse,1,52,11,1-Dual,649,484301
0650_Blank_12Mar16_Beech_Infuse,1,52,11,2-Dual,650,484302
0651_Agilent_12Mar16_Beech_Infuse,1,7,11,1-Dual,651,484303
0652_Agilent_12Mar16_Beech_Infuse,1,7,11,2-Dual,652,484304
0653_Blank_12Mar16_Beech_Infuse,1,52,11,1-Dual,653,484305
0654_Blank_12Mar16_Beech_Infuse,1,52,11,2-Dual,654,484306
0655_Thermo_12Mar16_Beech_Infuse,1,6,11,1-Dual,655,484307
0656_Thermo_12Mar16_Beech_Infuse,1,6,11,2-Dual,656,484308
0657_Blank_12Mar16_Beech_Infuse,1,52,11,1-Dual,657,484309
0658_Blank_12Mar16_Beech_Infuse,1,52,11,2-Dual,658,484310
0659_Agilent_12Mar16_Beech_Infuse,1,7,11,1-Dual,659,484311
0660_Agilent_12Mar16_Beech_Infuse,1,7,11,2-Dual,660,484312
0661_Blank_12Mar16_Beech_Infuse,1,52,11,1-Dual,661,484313
0662_Blank_12Mar16_Beech_Infuse,1,52,11,2-Dual,662,484314
0663_Thermo_12Mar16_Beech_Infuse,1,6,11,1-Dual,663,484315
0664_Thermo_12Mar16_Beech_Infuse,1,6,11,2-Dual,664,484316
0665_Blank_12Mar16_Beech_Infuse,1,52,11,1-Dual,665,484317
0666_Blank_12Mar16_Beech_Infuse,1,52,11,2-Dual,666,484318
0667_Agilent_12Mar16_Beech_Infuse,1,7,11,1-Dual,667,484319
0668_Agilent_12Mar16_Beech_Infuse,1,7,11,2-Dual,668,484320
0669_Blank_12Mar16_Beech_Infuse,1,52,11,1-Dual,669,484321
0670_Blank_12Mar16_Beech_Infuse,1,52,11,2-Dual,670,484322
0671_Thermo_12Mar16_Beech_Infuse,1,6,11,1-Dual,671,484323
0672_Thermo_12Mar16_Beech_Infuse,1,6,11,2-Dual,672,484324
0673_Blank_12Mar16_Beech_Infuse,1,52,11,1-Dual,673,484325
0674_Blank_12Mar16_Beech_Infuse,1,52,11,2-Dual,674,484326
0675_Agilent_12Mar16_Beech_Infuse,1,7,11,1-Dual,675,484327
0676_Agilent_12Mar16_Beech_Infuse,1,7,11,2-Dual,676,484328
0677_Blank_12Mar16_Beech_Infuse,1,52,11,1-Dual,677,484329
0678_Blank_12Mar16_Beech_Infuse,1,52,11,2-Dual,678,484330
0679_Thermo_12Mar16_Beech_Infuse,1,6,11,1-Dual,679,484331
0680_Thermo_12Mar16_Beech_Infuse,1,6,11,2-Dual,680,484332
0681_Blank_12Mar16_Beech_Infuse,1,52,11,1-Dual,681,484333
0682_Blank_12Mar16_Beech_Infuse,1,52,11,2-Dual,682,484334
0683_Agilent_12Mar16_Beech_Infuse,1,7,11,1-Dual,683,484335
0684_Agilent_12Mar16_Beech_Infuse,1,7,11,2-Dual,684,484336
0685_Blank_12Mar16_Beech_Infuse,1,52,11,1-Dual,685,484337
0686_Blank_12Mar16_Beech_Infuse,1,52,11,2-Dual,686,484338
0687_Thermo_12Mar16_Beech_Infuse,1,6,11,1-Dual,687,484339
0688_Thermo_12Mar16_Beech_Infuse,1,6,11,2-Dual,688,484340
0689_Blank_12Mar16_Beech_Infuse,1,52,11,1-Dual,689,484341
0690_Blank_12Mar16_Beech_Infuse,1,52,11,2-Dual,690,484342
0691_Agilent_12Mar16_Beech_Infuse,1,7,11,1-Dual,691,484343
0692_Agilent_12Mar16_Beech_Infuse,1,7,11,2-Dual,692,484344
0693_Blank_12Mar16_Beech_Infuse,1,52,11,1-Dual,693,484345
0694_Blank_12Mar16_Beech_Infuse,1,52,11,2-Dual,694,484346
0695_Thermo_12Mar16_Beech_Infuse,1,6,11,1-Dual,695,484347
0696_Thermo_12Mar16_Beech_Infuse,1,6,11,2-Dual,696,484348
0697_Blank_12Mar16_Beech_Infuse,1,52,11,1-Dual,697,484349
0698_Blank_12Mar16_Beech_Infuse,1,52,11,2-Dual,698,484350
0699_Agilent_12Mar16_Beech_Infuse,1,7,11,1-Dual,699,484351
0700_Agilent_12Mar16_Beech_Infuse,1,7,11,2-Dual,700,484352
0701_Blank_12Mar16_Beech_Infuse,1,52,11,1-Dual,701,484353
0702_Blank_12Mar16_Beech_Infuse,1,52,11,2-Dual,702,484354
0703_Thermo_12Mar16_Beech_Infuse,1,6,11,1-Dual,703,484355
0704_Thermo_12Mar16_Beech_Infuse,1,6,11,2-Dual,704,484356
0705_Blank_12Mar16_Beech_Infuse,1,52,11,1-Dual,705,484357
0706_Blank_12Mar16_Beech_Infuse,1,52,11,2-Dual,706,484358
0707_Agilent_12Mar16_Beech_Infuse,1,7,11,1-Dual,707,484359
0708_Agilent_12Mar16_Beech_Infuse,1,7,11,2-Dual,708,484360
0709_Blank_12Mar16_Beech_Infuse,1,52,11,1-Dual,709,484361
0710_Blank_12Mar16_Beech_Infuse,1,52,11,2-Dual,710,484362
0711_Thermo_12Mar16_Beech_Infuse,1,6,11,1-Dual,711,484363
0712_Thermo_12Mar16_Beech_Infuse,1,6,11,2-Dual,712,484364
0713_Blank_12Mar16_Beech_Infuse,1,52,11,1-Dual,713,484365
0714_Blank_12Mar16_Beech_Infuse,1,52,11,2-Dual,714,484366
0715_Agilent_12Mar16_Beech_Infuse,1,7,11,1-Dual,715,484367
0716_Agilent_12Mar16_Beech_Infuse,1,7,11,2-Dual,716,484368
0717_Blank_12Mar16_Beech_Infuse,1,52,11,1-Dual,717,484369
0718_Blank_12Mar16_Beech_Infuse,1,52,11,2-Dual,718,484370
0719_Thermo_12Mar16_Beech_Infuse,1,6,11,1-Dual,719,484371
0720_Thermo_12Mar16_Beech_Infuse,1,6,11,2-Dual,720,484372
0721_Blank_12Mar16_Beech_Infuse,1,52,11,1-Dual,721,484373
0722_Blank_12Mar16_Beech_Infuse,1,52,11,2-Dual,722,484374
0723_Agilent_12Mar16_Beech_Infuse,1,7,11,1-Dual,723,484375
0724_Agilent_12Mar16_Beech_Infuse,1,7,11,2-Dual,724,484376
0725_Blank_12Mar16_Beech_Infuse,1,52,11,1-Dual,725,484377
0726_Blank_12Mar16_Beech_Infuse,1,52,11,2-Dual,726,484378
0727_Thermo_12Mar16_Beech_Infuse,1,6,11,1-Dual,727,484379
0728_Thermo_12Mar16_Beech_Infuse,1,6,11,2-Dual,728,484380
0729_Blank_12Mar16_Beech_Infuse,1,52,11,1-Dual,729,484381
0730_Blank_12Mar16_Beech_Infuse,1,52,11,2-Dual,730,484382
0731_Agilent_12Mar16_Beech_Infuse,1,7,11,1-Dual,731,484383
0732_Agilent_12Mar16_Beech_Infuse,1,7,11,2-Dual,732,484384
0733_Blank_12Mar16_Beech_Infuse,1,52,11,1-Dual,733,484385
0734_Blank_12Mar16_Beech_Infuse,1,52,11,2-Dual,734,484386
0735_Thermo_12Mar16_Beech_Infuse,1,6,11,1-Dual,735,484387
0736_Thermo_12Mar16_Beech_Infuse,1,6,11,2-Dual,736,484388
0737_Blank_12Mar16_Beech_Infuse,1,52,11,1-Dual,737,484389
0738_Blank_12Mar16_Beech_Infuse,1,52,11,2-Dual,738,484390
0739_Agilent_12Mar16_Beech_Infuse,1,7,11,1-Dual,739,484391
0740_Agilent_12Mar16_Beech_Infuse,1,7,11,2-Dual,740,484392
0741_Blank_12Mar16_Beech_Infuse,1,52,11,1-Dual,741,484393
0742_Blank_12Mar16_Beech_Infuse,1,52,11,2-Dual,742,484394
0743_Thermo_12Mar16_Beech_Infuse,1,6,11,1-Dual,743,484395
0744_Thermo_12Mar16_Beech_Infuse,1,6,11,2-Dual,744,484396
0745_Blank_12Mar16_Beech_Infuse,1,52,11,1-Dual,745,484397
0746_Blank_12Mar16_Beech_Infuse,1,52,11,2-Dual,746,484398
0747_Agilent_12Mar16_Beech_Infuse,1,7,11,1-Dual,747,484399
0748_Agilent_12Mar16_Beech_Infuse,1,7,11,2-Dual,748,484400
0749_Blank_12Mar16_Beech_Infuse,1,52,11,1-Dual,749,484401
0750_Blank_12Mar16_Beech_Infuse,1,52,11,2-Dual,750,484402
0751_Thermo_12Mar16_Beech_Infuse,1,6,11,1-Dual,751,484403
0752_Thermo_12Mar16_Beech_Infuse,1,6,11,2-Dual,752,484404
0753_Blank_12Mar16_Beech_Infuse,1,52,11,1-Dual,753,484405
0754_Blank_12Mar16_Beech_Infuse,1,52,11,2-Dual,754,484406
0755_Agilent_12Mar16_Beech_Infuse,1,7,11,1-Dual,755,484407
0756_Agilent_12Mar16_Beech_Infuse,1,7,11,2-Dual,756,484408
0757_Blank_12Mar16_Beech_Infuse,1,52,11,1-Dual,757,484409
0758_Blank_12Mar16_Beech_Infuse,1,52,11,2-Dual,758,484410
0759_Thermo_12Mar16_Beech_Infuse,1,6,11,1-Dual,759,484411
0760_Thermo_12Mar16_Beech_Infuse,1,6,11,2-Dual,760,484412
0761_Blank_12Mar16_Beech_Infuse,1,52,11,1-Dual,761,484413
0762_Blank_12Mar16_Beech_Infuse,1,52,11,2-Dual,762,484414
0763_Agilent_12Mar16_Beech_Infuse,1,7,11,1-Dual,763,484415
0764_Agilent_12Mar16_Beech_Infuse,1,7,11,2-Dual,764,484416
0765_Blank_12Mar16_Beech_Infuse,1,52,11,1-Dual,765,484417
0766_Blank_12Mar16_Beech_Infuse,1,52,11,2-Dual,766,484418
0767_Thermo_12Mar16_Beech_Infuse,1,6,11,1-Dual,767,484419
0768_Thermo_12Mar16_Beech_Infuse,1,6,11,2-Dual,768,484420
0769_Blank_12Mar16_Beech_Infuse,1,52,11,1-Dual,769,484421
0770_Blank_12Mar16_Beech_Infuse,1,7,11,2-Dual,770,484422
0771_Agilent_12Mar16_Beech_Infuse,1,7,11,1-Dual,771,484423
0772_Agilent_12Mar16_Beech_Infuse,1,52,11,2-Dual,772,484424
0773_Blank_12Mar16_Beech_Infuse,1,52,11,1-Dual,773,484425
0774_Blank_12Mar16_Beech_Infuse,1,6,11,2-Dual,774,484426
0775_Thermo_12Mar16_Beech_Infuse,1,6,11,1-Dual,775,484427
0776_Thermo_12Mar16_Beech_Infuse,1,52,11,2-Dual,776,484428
0777_Blank_12Mar16_Beech_Infuse,1,52,11,1-Dual,777,484429
0778_Blank_12Mar16_Beech_Infuse,1,7,11,2-Dual,778,484430
0779_Agilent_12Mar16_Beech_Infuse,1,7,11,1-Dual,779,484431
0780_Agilent_12Mar16_Beech_Infuse,1,52,11,2-Dual,780,484432
0781_Blank_12Mar16_Beech_Infuse,1,52,11,1-Dual,781,484433
0782_Blank_12Mar16_Beech_Infuse,1,6,11,2-Dual,782,484434
0783_Thermo_12Mar16_Beech_Infuse,1,6,11,1-Dual,783,484435
0784_Thermo_12Mar16_Beech_Infuse,1,52,11,2-Dual,784,484436
0785_Blank_12Mar16_Beech_Infuse,1,52,11,1-Dual,785,484437
0786_Blank_12Mar16_Beech_Infuse,1,7,11,2-Dual,786,484438
0787_Agilent_12Mar16_Beech_Infuse,1,7,11,1-Dual,787,484439
0788_Agilent_12Mar16_Beech_Infuse,1,52,11,2-Dual,788,484440
0789_Blank_12Mar16_Beech_Infuse,1,52,11,1-Dual,789,484441
0790_Blank_12Mar16_Beech_Infuse,1,6,11,2-Dual,790,484442
0791_Thermo_12Mar16_Beech_Infuse,1,6,11,1-Dual,791,484443
0792_Thermo_12Mar16_Beech_Infuse,1,52,11,2-Dual,792,484444
0793_Blank_12Mar16_Beech_Infuse,1,52,11,1-Dual,793,484445
0794_Blank_12Mar16_Beech_Infuse,1,7,11,2-Dual,794,484446
0795_Agilent_12Mar16_Beech_Infuse,1,7,11,1-Dual,795,484447
0796_Agilent_12Mar16_Beech_Infuse,1,52,11,2-Dual,796,484448
0797_Blank_12Mar16_Beech_Infuse,1,52,11,1-Dual,797,484449
0798_Blank_12Mar16_Beech_Infuse,1,6,11,2-Dual,798,484450
0799_Thermo_12Mar16_Beech_Infuse,1,6,11,1-Dual,799,484451
0800_Thermo_12Mar16_Beech_Infuse,1,7,11,2-Dual,800,484452
0801_Blank_12Mar16_Beech_Infuse,1,7,11,1-Dual,801,484453
0802_Blank_12Mar16_Beech_Infuse,1,52,11,2-Dual,802,484454
0803_Agilent_12Mar16_Beech_Infuse,1,6,11,1-Dual,803,484455
0804_Agilent_12Mar16_Beech_Infuse,1,6,11,2-Dual,804,484456
0805_Blank_12Mar16_Beech_Infuse,1,52,11,1-Dual,805,484457
0806_Blank_12Mar16_Beech_Infuse,1,52,11,2-Dual,806,484458
0807_Thermo_12Mar16_Beech_Infuse,1,77,11,1-Dual,807,484459
0808_Thermo_12Mar16_Beech_Infuse,1,52,11,2-Dual,808,484460
0809_Blank_12Mar16_Beech_Infuse,1,52,11,1-Dual,809,484461
0810_Blank_12Mar16_Beech_Infuse,1,6,11,2-Dual,810,484462
0811_Agilent_12Mar16_Beech_Infuse,1,6,11,1-Dual,811,484463
0812_Agilent_12Mar16_Beech_Infuse,1,52,11,2-Dual,812,484464
0813_Blank_12Mar16_Beech_Infuse,1,7,11,1-Dual,813,484465
0814_Blank_12Mar16_Beech_Infuse,1,7,11,2-Dual,814,484466
0815_Thermo_12Mar16_Beech_Infuse,1,52,11,1-Dual,815,484467
0816_Thermo_12Mar16_Beech_Infuse,1,52,11,2-Dual,816,484468
0817_Blank_12Mar16_Beech_Infuse,1,6,11,1-Dual,817,484469
0818_Blank_12Mar16_Beech_Infuse,1,6,11,2-Dual,818,484470
0819_Agilent_12Mar16_Beech_Infuse,1,52,11,1-Dual,819,484471
0820_Agilent_12Mar16_Beech_Infuse,1,77,11,2-Dual,820,484472
0821_Blank_12Mar16_Beech_Infuse,1,52,11,1-Dual,821,484473
0822_Blank_12Mar16_Beech_Infuse,1,52,11,2-Dual,822,484474
0823_Thermo_12Mar16_Beech_Infuse,1,6,11,1-Dual,823,484475
0824_Thermo_12Mar16_Beech_Infuse,1,6,11,2-Dual,824,484476
0825_Blank_12Mar16_Beech_Infuse,1,52,11,1-Dual,825,484477
0826_Blank_12Mar16_Beech_Infuse,1,52,11,2-Dual,826,484478
0827_Agilent_12Mar16_Beech_Infuse,1,7,11,1-Dual,827,484479
0828_Agilent_12Mar16_Beech_Infuse,1,7,11,2-Dual,828,484480
0829_Blank_12Mar16_Beech_Infuse,1,52,11,1-Dual,829,484481
0830_Blank_12Mar16_Beech_Infuse,1,52,11,2-Dual,830,484482
0831_Thermo_12Mar16_Beech_Infuse,1,6,11,1-Dual,831,484483
0832_Thermo_12Mar16_Beech_Infuse,1,6,11,2-Dual,832,484484
0833_Blank_12Mar16_Beech_Infuse,1,52,11,1-Dual,833,484485
0834_Blank_12Mar16_Beech_Infuse,1,52,11,2-Dual,834,484486
0835_Agilent_12Mar16_Beech_Infuse,1,7,11,1-Dual,835,484487
0836_Agilent_12Mar16_Beech_Infuse,1,7,11,2-Dual,836,484488
0837_Blank_12Mar16_Beech_Infuse,1,52,11,1-Dual,837,484489
0838_Blank_12Mar16_Beech_Infuse,1,52,11,2-Dual,838,484490
0839_Thermo_12Mar16_Beech_Infuse,1,6,11,1-Dual,839,484491
0840_Thermo_12Mar16_Beech_Infuse,1,6,11,2-Dual,840,484492
0841_Blank_12Mar16_Beech_Infuse,1,52,11,1-Dual,841,484493
0842_Blank_12Mar16_Beech_Infuse,1,52,11,2-Dual,842,484494
0843_Agilent_12Mar16_Beech_Infuse,1,7,11,1-Dual,843,484495
0844_Agilent_12Mar16_Beech_Infuse,1,7,11,2-Dual,844,484496
0845_Blank_12Mar16_Beech_Infuse,1,52,11,1-Dual,845,484497
0846_Blank_12Mar16_Beech_Infuse,1,52,11,2-Dual,846,484498
0847_Thermo_12Mar16_Beech_Infuse,1,6,11,1-Dual,847,484499
0848_Thermo_12Mar16_Beech_Infuse,1,6,11,2-Dual,848,484500
0849_Blank_12Mar16_Beech_Infuse,1,52,11,1-Dual,849,484501
0850_Blank_12Mar16_Beech_Infuse,1,52,11,2-Dual,850,484502
0851_Agilent_12Mar16_Beech_Infuse,1,7,11,1-Dual,851,484503
0852_Agilent_12Mar16_Beech_Infuse,1,7,11,2-Dual,852,484504
0853_Blank_12Mar16_Beech_Infuse,1,52,11,1-Dual,853,484505
0854_Blank_12Mar16_Beech_Infuse,1,52,11,2-Dual,854,484506
0855_Thermo_12Mar16_Beech_Infuse,1,6,11,1-Dual,855,484507
0856_Thermo_12Mar16_Beech_Infuse,1,6,11,2-Dual,856,484508
0857_Blank_12Mar16_Beech_Infuse,1,52,11,1-Dual,857,484509
0858_Blank_12Mar16_Beech_Infuse,1,52,11,2-Dual,858,484510
0859_Agilent_12Mar16_Beech_Infuse,1,7,11,1-Dual,859,484511
0860_Agilent_12Mar16_Beech_Infuse,1,7,11,2-Dual,860,484512
0861_Blank_12Mar16_Beech_Infuse,1,52,11,1-Dual,861,484513
0862_Blank_12Mar16_Beech_Infuse,1,52,11,2-Dual,862,484514
0863_Thermo_12Mar16_Beech_Infuse,1,6,11,1-Dual,863,484515
0864_Thermo_12Mar16_Beech_Infuse,1,6,11,2-Dual,864,484516
0865_Blank_12Mar16_Beech_Infuse,1,52,11,1-Dual,865,484517
0866_Blank_12Mar16_Beech_Infuse,1,52,11,2-Dual,866,484518
0867_Agilent_12Mar16_Beech_Infuse,1,7,11,1-Dual,867,484519
0868_Agilent_12Mar16_Beech_Infuse,1,7,11,2-Dual,868,484520
0869_Blank_12Mar16_Beech_Infuse,1,52,11,1-Dual,869,484521
0870_Blank_12Mar16_Beech_Infuse,1,52,11,2-Dual,870,484522
0871_Thermo_12Mar16_Beech_Infuse,1,6,11,1-Dual,871,484523
0872_Thermo_12Mar16_Beech_Infuse,1,6,11,2-Dual,872,484524
0873_Blank_12Mar16_Beech_Infuse,1,52,11,1-Dual,873,484525
0874_Blank_12Mar16_Beech_Infuse,1,52,11,2-Dual,874,484526
0875_Agilent_12Mar16_Beech_Infuse,1,7,11,1-Dual,875,484527
0876_Agilent_12Mar16_Beech_Infuse,1,7,11,2-Dual,876,484528
0877_Blank_12Mar16_Beech_Infuse,1,52,11,1-Dual,877,484529
0878_Blank_12Mar16_Beech_Infuse,1,52,11,2-Dual,878,484530
0879_Thermo_12Mar16_Beech_Infuse,1,6,11,1-Dual,879,484531
0880_Thermo_12Mar16_Beech_Infuse,1,6,11,2-Dual,880,484532
0881_Blank_12Mar16_Beech_Infuse,1,52,11,1-Dual,881,484533
0882_Blank_12Mar16_Beech_Infuse,1,52,11,2-Dual,882,484534
0883_Agilent_12Mar16_Beech_Infuse,1,7,11,1-Dual,883,484535
0884_Agilent_12Mar16_Beech_Infuse,1,7,11,2-Dual,884,484536
0885_Blank_12Mar16_Beech_Infuse,1,52,11,1-Dual,885,484537
0886_Blank_12Mar16_Beech_Infuse,1,52,11,2-Dual,886,484538
0887_Thermo_12Mar16_Beech_Infuse,1,6,11,1-Dual,887,484539
0888_Thermo_12Mar16_Beech_Infuse,1,6,11,2-Dual,888,484540
0889_Blank_12Mar16_Beech_Infuse,1,52,11,1-Dual,889,484541
0890_Blank_12Mar16_Beech_Infuse,1,52,11,2-Dual,890,484542
0891_Agilent_12Mar16_Beech_Infuse,1,7,11,1-Dual,891,484543
0892_Agilent_12Mar16_Beech_Infuse,1,7,11,2-Dual,892,484544
0893_Blank_12Mar16_Beech_Infuse,1,52,11,1-Dual,893,484545
0894_Blank_12Mar16_Beech_Infuse,1,52,11,2-Dual,894,484546
0895_Thermo_12Mar16_Beech_Infuse,1,6,11,1-Dual,895,484547
0896_Thermo_12Mar16_Beech_Infuse,1,6,11,2-Dual,896,484548
0897_Blank_12Mar16_Beech_Infuse,1,52,11,1-Dual,897,484549
0898_Blank_12Mar16_Beech_Infuse,1,52,11,2-Dual,898,484550
0899_Agilent_12Mar16_Beech_Infuse,1,7,11,1-Dual,899,484551
0900_Agilent_12Mar16_Beech_Infuse,1,7,11,2-Dual,900,484552
0901_Blank_12Mar16_Beech_Infuse,1,52,11,1-Dual,901,484553
0902_Blank_12Mar16_Beech_Infuse,1,52,11,2-Dual,902,484554
0903_Thermo_12Mar16_Beech_Infuse,1,6,11,1-Dual,903,484555
0904_Thermo_12Mar16_Beech_Infuse,1,6,11,2-Dual,904,484556
0905_Blank_12Mar16_Beech_Infuse,1,52,11,1-Dual,905,484557
0906_Blank_12Mar16_Beech_Infuse,1,52,11,2-Dual,906,484558
0907_Agilent_12Mar16_Beech_Infuse,1,7,11,1-Dual,907,484559
0908_Agilent_12Mar16_Beech_Infuse,1,7,11,2-Dual,908,484560
0909_Blank_12Mar16_Beech_Infuse,1,52,11,1-Dual,909,484561
0910_Blank_12Mar16_Beech_Infuse,1,52,11,2-Dual,910,484562
0911_Thermo_12Mar16_Beech_Infuse,1,6,11,1-Dual,911,484563
0912_Thermo_12Mar16_Beech_Infuse,1,6,11,2-Dual,912,484564
0913_Blank_12Mar16_Beech_Infuse,1,52,11,1-Dual,913,484565
0914_Blank_12Mar16_Beech_Infuse,1,52,11,2-Dual,914,484566
0915_Agilent_12Mar16_Beech_Infuse,1,7,11,1-Dual,915,484567
0916_Agilent_12Mar16_Beech_Infuse,1,7,11,2-Dual,916,484568
0917_Blank_12Mar16_Beech_Infuse,1,52,11,1-Dual,917,484569
0918_Blank_12Mar16_Beech_Infuse,1,52,11,2-Dual,918,484570
0919_Thermo_12Mar16_Beech_Infuse,1,6,11,1-Dual,919,484571
0920_Thermo_12Mar16_Beech_Infuse,1,6,11,2-Dual,920,484572
0921_Blank_12Mar16_Beech_Infuse,1,52,11,1-Dual,921,484573
0922_Blank_12Mar16_Beech_Infuse,1,52,11,2-Dual,922,484574
0923_Agilent_12Mar16_Beech_Infuse,1,7,11,1-Dual,923,484575
0924_Agilent_12Mar16_Beech_Infuse,1,7,11,2-Dual,924,484576
0925_Blank_12Mar16_Beech_Infuse,1,52,11,1-Dual,925,484577
0926_Blank_12Mar16_Beech_Infuse,1,52,11,2-Dual,926,484578
0927_Thermo_12Mar16_Beech_Infuse,1,6,11,1-Dual,927,484579
0928_Thermo_12Mar16_Beech_Infuse,1,6,11,2-Dual,928,484580
0929_Blank_12Mar16_Beech_Infuse,1,52,11,1-Dual,929,484581
0930_Blank_12Mar16_Beech_Infuse,1,52,11,2-Dual,930,484582
0931_Agilent_12Mar16_Beech_Infuse,1,7,11,1-Dual,931,484583
0932_Agilent_12Mar16_Beech_Infuse,1,7,11,2-Dual,932,484584
0933_Blank_12Mar16_Beech_Infuse,1,52,11,1-Dual,933,484585
0934_Blank_12Mar16_Beech_Infuse,1,52,11,2-Dual,934,484586
0935_Thermo_12Mar16_Beech_Infuse,1,6,11,1-Dual,935,484587
0936_Thermo_12Mar16_Beech_Infuse,1,6,11,2-Dual,936,484588
0937_Blank_12Mar16_Beech_Infuse,1,52,11,1-Dual,937,484589
0938_Blank_12Mar16_Beech_Infuse,1,52,11,2-Dual,938,484590
0939_Agilent_12Mar16_Beech_Infuse,1,7,11,1-Dual,939,484591
0940_Agilent_12Mar16_Beech_Infuse,1,7,11,2-Dual,940,484592
0941_Blank_12Mar16_Beech_Infuse,1,52,11,1-Dual,941,484593
0942_Blank_12Mar16_Beech_Infuse,1,52,11,2-Dual,942,484594
0943_Thermo_12Mar16_Beech_Infuse,1,6,11,1-Dual,943,484595
0944_Thermo_12Mar16_Beech_Infuse,1,6,11,2-Dual,944,484596
0945_Blank_12Mar16_Beech_Infuse,1,52,11,1-Dual,945,484597
0946_Blank_12Mar16_Beech_Infuse,1,52,11,2-Dual,946,484598
0947_Agilent_12Mar16_Beech_Infuse,1,7,11,1-Dual,947,484599
0948_Agilent_12Mar16_Beech_Infuse,1,7,11,2-Dual,948,484600
0949_Blank_12Mar16_Beech_Infuse,1,52,11,1-Dual,949,484601
0950_Blank_12Mar16_Beech_Infuse,1,52,11,2-Dual,950,484602
0951_Thermo_12Mar16_Beech_Infuse,1,6,11,1-Dual,951,484603
0952_Thermo_12Mar16_Beech_Infuse,1,6,11,2-Dual,952,484604
0953_Blank_12Mar16_Beech_Infuse,1,52,11,1-Dual,953,484605
0954_Blank_12Mar16_Beech_Infuse,1,52,11,2-Dual,954,484606
0955_Agilent_12Mar16_Beech_Infuse,1,7,11,1-Dual,955,484607
0956_Agilent_12Mar16_Beech_Infuse,1,7,11,2-Dual,956,484608
0957_Blank_12Mar16_Beech_Infuse,1,52,11,1-Dual,957,484609
0958_Blank_12Mar16_Beech_Infuse,1,52,11,2-Dual,958,484610
0959_Thermo_12Mar16_Beech_Infuse,1,6,11,1-Dual,959,484611
0960_Thermo_12Mar16_Beech_Infuse,1,6,11,2-Dual,960,484612
0961_Blank_12Mar16_Beech_Infuse,1,52,11,1-Dual,961,484613
0962_Blank_12Mar16_Beech_Infuse,1,52,11,2-Dual,962,484614
0963_Agilent_12Mar16_Beech_Infuse,1,7,11,1-Dual,963,484615
0964_Agilent_12Mar16_Beech_Infuse,1,7,11,2-Dual,964,484616
0965_Blank_12Mar16_Beech_Infuse,1,52,11,1-Dual,965,484617
0966_Blank_12Mar16_Beech_Infuse,1,52,11,2-Dual,966,484618
0967_Thermo_12Mar16_Beech_Infuse,1,6,11,1-Dual,967,484619
0968_Thermo_12Mar16_Beech_Infuse,1,6,11,2-Dual,968,484620
0969_Blank_12Mar16_Beech_Infuse,1,52,11,1-Dual,969,484621
0970_Blank_12Mar16_Beech_Infuse,1,52,11,2-Dual,970,484622
0971_Agilent_12Mar16_Beech_Infuse,1,7,11,1-Dual,971,484623
0972_Agilent_12Mar16_Beech_Infuse,1,7,11,2-Dual,972,484624
0973_Blank_12Mar16_Beech_Infuse,1,52,11,1-Dual,973,484625
0974_Blank_12Mar16_Beech_Infuse,1,52,11,2-Dual,974,484626
0975_Thermo_12Mar16_Beech_Infuse,1,6,11,1-Dual,975,484627
0976_Thermo_12Mar16_Beech_Infuse,1,6,11,2-Dual,976,484628
0977_Blank_12Mar16_Beech_Infuse,1,52,11,1-Dual,977,484629
0978_Blank_12Mar16_Beech_Infuse,1,52,11,2-Dual,978,484630
0979_Agilent_12Mar16_Beech_Infuse,1,7,11,1-Dual,979,484631
0980_Agilent_12Mar16_Beech_Infuse,1,7,11,2-Dual,980,484632
0981_Blank_12Mar16_Beech_Infuse,1,52,11,1-Dual,981,484633
0982_Blank_12Mar16_Beech_Infuse,1,52,11,2-Dual,982,484634
0983_Thermo_12Mar16_Beech_Infuse,1,6,11,1-Dual,983,484635
0984_Thermo_12Mar16_Beech_Infuse,1,6,11,2-Dual,984,484636
0985_Blank_12Mar16_Beech_Infuse,1,52,11,1-Dual,985,484637
0986_Blank_12Mar16_Beech_Infuse,1,52,11,2-Dual,986,484638
0987_Agilent_12Mar16_Beech_Infuse,1,7,11,1-Dual,987,484639
0988_Agilent_12Mar16_Beech_Infuse,1,7,11,2-Dual,988,484640
0989_Blank_12Mar16_Beech_Infuse,1,52,11,1-Dual,989,484641
0990_Blank_12Mar16_Beech_Infuse,1,52,11,2-Dual,990,484642
0991_Thermo_12Mar16_Beech_Infuse,1,6,11,1-Dual,991,484643
0992_Thermo_12Mar16_Beech_Infuse,1,6,11,2-Dual,992,484644
0993_Blank_12Mar16_Beech_Infuse,1,52,11,1-Dual,993,484645
0994_Blank_12Mar16_Beech_Infuse,1,52,11,2-Dual,994,484646
0995_Agilent_12Mar16_Beech_Infuse,1,7,11,1-Dual,995,484647
0996_Agilent_12Mar16_Beech_Infuse,1,7,11,2-Dual,996,484648
0997_Blank_12Mar16_Beech_Infuse,1,52,11,1-Dual,997,484649
0998_Blank_12Mar16_Beech_Infuse,1,52,11,2-Dual,998,484650
0999_Thermo_12Mar16_Beech_Infuse,1,6,11,1-Dual,999,484651
1000_Thermo_12Mar16_Beech_Infuse,1,6,11,2-Dual,1000,484652
1001_Blank_12Mar16_Beech_Infuse,1,51,11,1-Dual,1001,484653
1002_Blank_12Mar16_Beech_Infuse,1,51,11,2-Dual,1002,484654
1003_Agilent_12Mar16_Beech_Infuse,1,7,11,1-Dual,1003,484655
1004_Agilent_12Mar16_Beech_Infuse,1,7,11,2-Dual,1004,484656
1005_Blank_12Mar16_Beech_Infuse,1,51,11,1-Dual,1005,484657
1006_Blank_12Mar16_Beech_Infuse,1,51,11,2-Dual,1006,484658
1007_Thermo_12Mar16_Beech_Infuse,1,6,11,1-Dual,1007,484659
1008_Thermo_12Mar16_Beech_Infuse,1,6,11,2-Dual,1008,484660
1009_Blank_12Mar16_Beech_Infuse,1,51,11,1-Dual,1009,484661
1010_Blank_12Mar16_Beech_Infuse,1,51,11,2-Dual,1010,484662
1011_Agilent_12Mar16_Beech_Infuse,1,7,11,1-Dual,1011,484663
1012_Agilent_12Mar16_Beech_Infuse,1,7,11,2-Dual,1012,484664
1013_Blank_12Mar16_Beech_Infuse,1,51,11,1-Dual,1013,484665
1014_Blank_12Mar16_Beech_Infuse,1,51,11,2-Dual,1014,484666
1015_Thermo_12Mar16_Beech_Infuse,1,6,11,1-Dual,1015,484667
1016_Thermo_12Mar16_Beech_Infuse,1,6,11,2-Dual,1016,484668
1017_Blank_12Mar16_Beech_Infuse,1,51,11,1-Dual,1017,484669
1018_Blank_12Mar16_Beech_Infuse,1,51,11,2-Dual,1018,484670
1019_Agilent_12Mar16_Beech_Infuse,1,7,11,1-Dual,1019,484671
1020_Agilent_12Mar16_Beech_Infuse,1,7,11,2-Dual,1020,484672
1021_Blank_12Mar16_Beech_Infuse,1,51,11,1-Dual,1021,484673
1022_Blank_12Mar16_Beech_Infuse,1,51,11,2-Dual,1022,484674
1023_Thermo_12Mar16_Beech_Infuse,1,6,11,1-Dual,1023,484675
1024_Thermo_12Mar16_Beech_Infuse,1,6,11,2-Dual,1024,484676
1025_Blank_12Mar16_Beech_Infuse,1,51,11,1-Dual,1025,484677
1026_Blank_12Mar16_Beech_Infuse,1,51,11,2-Dual,1026,484678
1027_Agilent_12Mar16_Beech_Infuse,1,7,11,1-Dual,1027,484679
1028_Agilent_12Mar16_Beech_Infuse,1,7,11,2-Dual,1028,484680
1029_Blank_12Mar16_Beech_Infuse,1,51,11,1-Dual,1029,484681
1030_Blank_12Mar16_Beech_Infuse,1,51,11,2-Dual,1030,484682
1031_Thermo_12Mar16_Beech_Infuse,1,6,11,1-Dual,1031,484683
1032_Thermo_12Mar16_Beech_Infuse,1,6,11,2-Dual,1032,484684
1033_Blank_12Mar16_Beech_Infuse,1,51,11,1-Dual,1033,484685
1034_Blank_12Mar16_Beech_Infuse,1,51,11,2-Dual,1034,484686
1035_Agilent_12Mar16_Beech_Infuse,1,7,11,1-Dual,1035,484687
1036_Agilent_12Mar16_Beech_Infuse,1,7,11,2-Dual,1036,484688
1037_Blank_12Mar16_Beech_Infuse,1,51,11,1-Dual,1037,484689
1038_Blank_12Mar16_Beech_Infuse,1,51,11,2-Dual,1038,484690
1039_Thermo_12Mar16_Beech_Infuse,1,6,11,1-Dual,1039,484691
1040_Thermo_12Mar16_Beech_Infuse,1,6,11,2-Dual,1040,484692
1041_Blank_12Mar16_Beech_Infuse,1,51,11,1-Dual,1041,484693
1042_Blank_12Mar16_Beech_Infuse,1,51,11,2-Dual,1042,484694
1043_Agilent_12Mar16_Beech_Infuse,1,7,11,1-Dual,1043,484695
1044_Agilent_12Mar16_Beech_Infuse,1,7,11,2-Dual,1044,484696
1045_Blank_12Mar16_Beech_Infuse,1,51,11,1-Dual,1045,484697
1046_Blank_12Mar16_Beech_Infuse,1,51,11,2-Dual,1046,484698
1047_Thermo_12Mar16_Beech_Infuse,1,6,11,1-Dual,1047,484699
1048_Thermo_12Mar16_Beech_Infuse,1,6,11,2-Dual,1048,484700
1049_Blank_12Mar16_Beech_Infuse,1,51,11,1-Dual,1049,484701
1050_Blank_12Mar16_Beech_Infuse,1,51,11,2-Dual,1050,484702
1051_Agilent_12Mar16_Beech_Infuse,1,7,11,1-Dual,1051,484703
1052_Agilent_12Mar16_Beech_Infuse,1,7,11,2-Dual,1052,484704
1053_Blank_12Mar16_Beech_Infuse,1,51,11,1-Dual,1053,484705
1054_Blank_12Mar16_Beech_Infuse,1,51,11,2-Dual,1054,484706
1055_Thermo_12Mar16_Beech_Infuse,1,6,11,1-Dual,1055,484707
1056_Thermo_12Mar16_Beech_Infuse,1,6,11,2-Dual,1056,484708
1057_Blank_12Mar16_Beech_Infuse,1,51,11,1-Dual,1057,484709
1058_Blank_12Mar16_Beech_Infuse,1,51,11,2-Dual,1058,484710
1059_Agilent_12Mar16_Beech_Infuse,1,7,11,1-Dual,1059,484711
1060_Agilent_12Mar16_Beech_Infuse,1,7,11,2-Dual,1060,484712
1061_Blank_12Mar16_Beech_Infuse,1,51,11,1-Dual,1061,484713
1062_Blank_12Mar16_Beech_Infuse,1,51,11,2-Dual,1062,484714
1063_Thermo_12Mar16_Beech_Infuse,1,6,11,1-Dual,1063,484715
1064_Thermo_12Mar16_Beech_Infuse,1,6,11,2-Dual,1064,484716
1065_Blank_12Mar16_Beech_Infuse,1,51,11,1-Dual,1065,484717
1066_Blank_12Mar16_Beech_Infuse,1,51,11,2-Dual,1066,484718
1067_Agilent_12Mar16_Beech_Infuse,1,7,11,1-Dual,1067,484719
1068_Agilent_12Mar16_Beech_Infuse,1,7,11,2-Dual,1068,484720
1069_Blank_12Mar16_Beech_Infuse,1,51,11,1-Dual,1069,484721
1070_Blank_12Mar16_Beech_Infuse,1,51,11,2-Dual,1070,484722
1071_Thermo_12Mar16_Beech_Infuse,1,6,11,1-Dual,1071,484723
1072_Thermo_12Mar16_Beech_Infuse,1,6,11,2-Dual,1072,484724
1073_Blank_12Mar16_Beech_Infuse,1,51,11,1-Dual,1073,484725
1074_Blank_12Mar16_Beech_Infuse,1,51,11,2-Dual,1074,484726
1075_Agilent_12Mar16_Beech_Infuse,1,7,11,1-Dual,1075,484727
1076_Agilent_12Mar16_Beech_Infuse,1,7,11,2-Dual,1076,484728
1077_Blank_12Mar16_Beech_Infuse,1,51,11,1-Dual,1077,484729
1078_Blank_12Mar16_Beech_Infuse,1,51,11,2-Dual,1078,484730
1079_Thermo_12Mar16_Beech_Infuse,1,6,11,1-Dual,1079,484731
1080_Thermo_12Mar16_Beech_Infuse,1,6,11,2-Dual,1080,484732
1081_Blank_12Mar16_Beech_Infuse,1,51,11,1-Dual,1081,484733
1082_Blank_12Mar16_Beech_Infuse,1,51,11,2-Dual,1082,484734
1083_Agilent_12Mar16_Beech_Infuse,1,7,11,1-Dual,1083,484735
1084_Agilent_12Mar16_Beech_Infuse,1,7,11,2-Dual,1084,484736
1085_Blank_12Mar16_Beech_Infuse,1,51,11,1-Dual,1085,484737
1086_Blank_12Mar16_Beech_Infuse,1,51,11,2-Dual,1086,484738
1087_Thermo_12Mar16_Beech_Infuse,1,6,11,1-Dual,1087,484739
1088_Thermo_12Mar16_Beech_Infuse,1,6,11,2-Dual,1088,484740
1089_Blank_12Mar16_Beech_Infuse,1,51,11,1-Dual,1089,484741
1090_Blank_12Mar16_Beech_Infuse,1,51,11,2-Dual,1090,484742
1091_Agilent_12Mar16_Beech_Infuse,1,7,11,1-Dual,1091,484743
1092_Agilent_12Mar16_Beech_Infuse,1,7,11,2-Dual,1092,484744
1093_Blank_12Mar16_Beech_Infuse,1,51,11,1-Dual,1093,484745
1094_Blank_12Mar16_Beech_Infuse,1,51,11,2-Dual,1094,484746
1095_Thermo_12Mar16_Beech_Infuse,1,6,11,1-Dual,1095,484747
1096_Thermo_12Mar16_Beech_Infuse,1,6,11,2-Dual,1096,484748
1097_Blank_12Mar16_Beech_Infuse,1,51,11,1-Dual,1097,484749
1098_Blank_12Mar16_Beech_Infuse,1,51,11,2-Dual,1098,484750
1099_Agilent_12Mar16_Beech_Infuse,1,7,11,1-Dual,1099,484751
1100_Agilent_12Mar16_Beech_Infuse,1,7,11,2-Dual,1100,484752
1101_Blank_12Mar16_Beech_Infuse,1,51,11,1-Dual,1101,484753
1102_Blank_12Mar16_Beech_Infuse,1,51,11,2-Dual,1102,484754
1103_Thermo_12Mar16_Beech_Infuse,1,6,11,1-Dual,1103,484755
1104_Thermo_12Mar16_Beech_Infuse,1,6,11,2-Dual,1104,484756
1105_Blank_12Mar16_Beech_Infuse,1,51,11,1-Dual,1105,484757
1106_Blank_12Mar16_Beech_Infuse,1,51,11,2-Dual,1106,484758
1107_Agilent_12Mar16_Beech_Infuse,1,7,11,1-Dual,1107,484759
1108_Agilent_12Mar16_Beech_Infuse,1,7,11,2-Dual,1108,484760
1109_Blank_12Mar16_Beech_Infuse,1,51,11,1-Dual,1109,484761
1110_Blank_12Mar16_Beech_Infuse,1,51,11,2-Dual,1110,484762
1111_Thermo_12Mar16_Beech_Infuse,1,6,11,1-Dual,1111,484763
1112_Thermo_12Mar16_Beech_Infuse,1,6,11,2-Dual,1112,484764
1113_Blank_12Mar16_Beech_Infuse,1,51,11,1-Dual,1113,484765
1114_Blank_12Mar16_Beech_Infuse,1,51,11,2-Dual,1114,484766
1115_Agilent_12Mar16_Beech_Infuse,1,7,11,1-Dual,1115,484767
1116_Agilent_12Mar16_Beech_Infuse,1,7,11,2-Dual,1116,484768
1117_Blank_12Mar16_Beech_Infuse,1,51,11,1-Dual,1117,484769
1118_Blank_12Mar16_Beech_Infuse,1,51,11,2-Dual,1118,484770
1119_Thermo_12Mar16_Beech_Infuse,1,6,11,1-Dual,1119,484771
1120_Thermo_12Mar16_Beech_Infuse,1,6,11,2-Dual,1120,484772
1121_Blank_12Mar16_Beech_Infuse,1,51,11,1-Dual,1121,484773
1122_Blank_12Mar16_Beech_Infuse,1,51,11,2-Dual,1122,484774
1123_Agilent_12Mar16_Beech_Infuse,1,7,11,1-Dual,1123,484775
1124_Agilent_12Mar16_Beech_Infuse,1,7,11,2-Dual,1124,484776
1125_Blank_12Mar16_Beech_Infuse,1,51,11,1-Dual,1125,484777
1126_Blank_12Mar16_Beech_Infuse,1,51,11,2-Dual,1126,484778
1127_Thermo_12Mar16_Beech_Infuse,1,6,11,1-Dual,1127,484779
1128_Thermo_12Mar16_Beech_Infuse,1,6,11,2-Dual,1128,484780
1129_Blank_12Mar16_Beech_Infuse,1,51,11,1-Dual,1129,484781
1130_Blank_12Mar16_Beech_Infuse,1,51,11,2-Dual,1130,484782
1131_Agilent_12Mar16_Beech_Infuse,1,7,11,1-Dual,1131,484783
1132_Agilent_12Mar16_Beech_Infuse,1,7,11,2-Dual,1132,484784
1133_Blank_12Mar16_Beech_Infuse,1,51,11,1-Dual,1133,484785
1134_Blank_12Mar16_Beech_Infuse,1,51,11,2-Dual,1134,484786
1135_Thermo_12Mar16_Beech_Infuse,1,6,11,1-Dual,1135,484787
1136_Thermo_12Mar16_Beech_Infuse,1,6,11,2-Dual,1136,484788
1137_Blank_12Mar16_Beech_Infuse,1,51,11,1-Dual,1137,484789
1138_Blank_12Mar16_Beech_Infuse,1,51,11,2-Dual,1138,484790
1139_Agilent_12Mar16_Beech_Infuse,1,7,11,1-Dual,1139,484791
1140_Agilent_12Mar16_Beech_Infuse,1,7,11,2-Dual,1140,484792
1141_Blank_12Mar16_Beech_Infuse,1,51,11,1-Dual,1141,484793
1142_Blank_12Mar16_Beech_Infuse,1,51,11,2-Dual,1142,484794
1143_Thermo_12Mar16_Beech_Infuse,1,6,11,1-Dual,1143,484795
1144_Thermo_12Mar16_Beech_Infuse,1,6,11,2-Dual,1144,484796
1145_Blank_12Mar16_Beech_Infuse,1,51,11,1-Dual,1145,484797
1146_Blank_12Mar16_Beech_Infuse,1,51,11,2-Dual,1146,484798
1147_Agilent_12Mar16_Beech_Infuse,1,7,11,1-Dual,1147,484799
1148_Agilent_12Mar16_Beech_Infuse,1,7,11,2-Dual,1148,484800
1149_Blank_12Mar16_Beech_Infuse,1,51,11,1-Dual,1149,484801
1150_Blank_12Mar16_Beech_Infuse,1,51,11,2-Dual,1150,484802
1151_Thermo_12Mar16_Beech_Infuse,1,6,11,1-Dual,1151,484803
1152_Thermo_12Mar16_Beech_Infuse,1,6,11,2-Dual,1152,484804
1153_Blank_12Mar16_Beech_Infuse,1,51,11,1-Dual,1153,484805
1154_Blank_12Mar16_Beech_Infuse,1,51,11,2-Dual,1154,484806
1155_Agilent_12Mar16_Beech_Infuse,1,7,11,1-Dual,1155,484807
1156_Agilent_12Mar16_Beech_Infuse,1,7,11,2-Dual,1156,484808
1157_Blank_12Mar16_Beech_Infuse,1,51,11,1-Dual,1157,484809
1158_Blank_12Mar16_Beech_Infuse,1,51,11,2-Dual,1158,484810
1159_Thermo_12Mar16_Beech_Infuse,1,6,11,1-Dual,1159,484811
1160_Thermo_12Mar16_Beech_Infuse,1,6,11,2-Dual,1160,484812
1161_Blank_12Mar16_Beech_Infuse,1,51,11,1-Dual,1161,484813
1162_Blank_12Mar16_Beech_Infuse,1,51,11,2-Dual,1162,484814
1163_Agilent_12Mar16_Beech_Infuse,1,7,11,1-Dual,1163,484815
1164_Agilent_12Mar16_Beech_Infuse,1,7,11,2-Dual,1164,484816
1165_Blank_12Mar16_Beech_Infuse,1,51,11,1-Dual,1165,484817
1166_Blank_12Mar16_Beech_Infuse,1,51,11,2-Dual,1166,484818
1167_Thermo_12Mar16_Beech_Infuse,1,6,11,1-Dual,1167,484819
1168_Thermo_12Mar16_Beech_Infuse,1,6,11,2-Dual,1168,484820
1169_Blank_12Mar16_Beech_Infuse,1,51,11,1-Dual,1169,484821
1170_Blank_12Mar16_Beech_Infuse,1,51,11,2-Dual,1170,484822
1171_Agilent_12Mar16_Beech_Infuse,1,7,11,1-Dual,1171,484823
1172_Agilent_12Mar16_Beech_Infuse,1,7,11,2-Dual,1172,484824
1173_Blank_12Mar16_Beech_Infuse,1,51,11,1-Dual,1173,484825
1174_Blank_12Mar16_Beech_Infuse,1,51,11,2-Dual,1174,484826
1175_Thermo_12Mar16_Beech_Infuse,1,6,11,1-Dual,1175,484827
1176_Thermo_12Mar16_Beech_Infuse,1,6,11,2-Dual,1176,484828
1177_Blank_12Mar16_Beech_Infuse,1,51,11,1-Dual,1177,484829
1178_Blank_12Mar16_Beech_Infuse,1,51,11,2-Dual,1178,484830
1179_Agilent_12Mar16_Beech_Infuse,1,7,11,1-Dual,1179,484831
1180_Agilent_12Mar16_Beech_Infuse,1,7,11,2-Dual,1180,484832
1181_Blank_12Mar16_Beech_Infuse,1,51,11,1-Dual,1181,484833
1182_Blank_12Mar16_Beech_Infuse,1,51,11,2-Dual,1182,484834
1183_Thermo_12Mar16_Beech_Infuse,1,6,11,1-Dual,1183,484835
1184_Thermo_12Mar16_Beech_Infuse,1,6,11,2-Dual,1184,484836
1185_Blank_12Mar16_Beech_Infuse,1,51,11,1-Dual,1185,484837
1186_Blank_12Mar16_Beech_Infuse,1,51,11,2-Dual,1186,484838
1187_Agilent_12Mar16_Beech_Infuse,1,7,11,1-Dual,1187,484839
1188_Agilent_12Mar16_Beech_Infuse,1,7,11,2-Dual,1188,484840
1189_Blank_12Mar16_Beech_Infuse,1,51,11,1-Dual,1189,484841
1190_Blank_12Mar16_Beech_Infuse,1,51,11,2-Dual,1190,484842
1191_Thermo_12Mar16_Beech_Infuse,1,6,11,1-Dual,1191,484843
1192_Thermo_12Mar16_Beech_Infuse,1,6,11,2-Dual,1192,484844
1193_Blank_12Mar16_Beech_Infuse,1,51,11,1-Dual,1193,484845
1194_Blank_12Mar16_Beech_Infuse,1,51,11,2-Dual,1194,484846
1195_Agilent_12Mar16_Beech_Infuse,1,7,11,1-Dual,1195,484847
1196_Agilent_12Mar16_Beech_Infuse,1,7,11,2-Dual,1196,484848
1197_Blank_12Mar16_Beech_Infuse,1,51,11,1-Dual,1197,484849
1198_Blank_12Mar16_Beech_Infuse,1,51,11,2-Dual,1198,484850
1199_Thermo_12Mar16_Beech_Infuse,1,6,11,1-Dual,1199,484851
1200_Thermo_12Mar16_Beech_Infuse,1,6,11,2-Dual,1200,484852
